,mpc_x_0,mpc_x_1,u_0,ctg
0,-4.0,-8.0,-2.0,83.26219026607316
1,0.932635242331348,1.4999998747134973,-0.6353790384814062,3.262190266073155
2,-0.21295039068990182,-0.30134917531528777,0.10045626803111421,0.14238214669419508
3,0.048163153900799206,0.060252713259312564,-0.020180037251625225,0.006222952336009234
4,-0.010815489437123064,-0.011995917841147277,0.004027406195034197,0.00027287348722822405
5,0.0024677758897276698,0.002430372969366376,-0.0007676568915498603,1.1996630612147928e-05
