,mpc_x_0,mpc_x_1,u_0,ctg
0,9.0,6.0,3.9705203106712315,18279.061195880822
1,19.481787616269187,-1.2467735031163287,84.41580758106511,18162.061195880822
2,131.8116308036452,-6.999226219840194,-67.5210088755106,17780.96670298733
3,-17.12608116547518,2.574257374540317,-1.1504013010049863,357.67152019436503
4,7.238270353037646,-1.1861158883996947,0.20873901503950903,57.742063077546106
5,-1.9612196450864663,0.3102450271883387,-0.09356457986505404,3.9426344731681775
