,mpc_x_0,mpc_x_1,u_0,ctg
0,9.0,-4.0,4.5,101.4516944308353
1,-1.8483467194289096,0.9158478435793806,-0.2619561168268952,4.451694430835306
2,0.3783351902591181,-0.21148016743800802,0.06133039016148966,0.19653156302269195
3,-0.07717447003723467,0.0482843831701527,-0.014160887508213763,0.00867018561468095
4,0.01570079385631263,-0.010930615419860472,0.0032272310030192295,0.00038290513103079435
5,-0.0032559584321582157,0.0025120876862753444,-0.0006994848104102171,1.6911849855478398e-05
