,mpc_x_0,mpc_x_1,u_0,ctg
0,-3.0,9.0,-1.3583608930483386,96.90239964229342
1,0.5029433426622513,-2.5403712060713275,0.6715747754952736,6.902399642293413
2,-0.0816736338376907,0.41996764982620544,-0.1641022669305009,0.19596177172884324
3,0.011728004961160908,-0.11193048177748213,0.025406605994912644,0.012918362364043747
4,-0.0015299156047018634,0.01273737564278433,-0.009142524542909175,0.0002523835127354717
5,2.483325778000579e-05,-0.009370246315965976,-0.0005264407805569541,8.780213271256592e-05
