,mpc_x_0,mpc_x_1,u_0,ctg
0,6.0,3.0,1.309462946036134,47.99968760638033
1,-1.3119638795742936,-1.087760044597908,0.16149384852112986,2.9996876063803297
2,0.2834975830599322,0.09601247652236679,-0.06583823172420528,0.09521647044905561
3,-0.06141391480951308,-0.04041275291699932,0.003700897296663291,0.005627195200274394
4,0.013060694895718983,-0.0029837000583438117,-0.004361654967753156,0.00022233566971382638
5,-0.0029368099001985297,-0.005850350427683927,-0.0015325322809053227,4.285145251660561e-05
