,mpc_x_0,mpc_x_1,u_0,ctg
0,-3.0,6.0,-1.444922961429938,48.80645332120549
1,0.5419177246987837,-1.849286436358695,0.42132332072057216,3.806453321205491
2,-0.09768418429225743,0.2760852677431089,-0.11736267121591194,0.09291817716254229
3,0.016711315318041438,-0.082195592287555,0.015766447742015084,0.007152902236914467
4,-0.0029135710837128025,0.006601469498037577,-0.007154558137778352,0.0001175187857534898
5,0.0003934048266369294,-0.008080576860750765,-0.0009190101485355835,6.545048976012192e-05
