,mpc_x_0,mpc_x_1,u_0,ctg
0,-7.0,2.0,-3.21295755308932,55.62665404356159
1,1.4434289018735957,-0.6582102668436438,0.13568754174657535,2.626654043561584
2,-0.29709947618648097,0.1285807907227017,-0.04215478342819946,0.10992629341918866
3,0.060879570176063505,-0.034858794964031686,0.008064937590037666,0.0051251749260320814
4,-0.012486289832762475,0.005808969562793419,-0.0026618435207802866,0.00020371727486543915
5,0.0025908922154163393,-0.0027116399510861014,0.0001034617738746781,1.4065713696231222e-05
