,mpc_x_0,mpc_x_1,u_0,ctg
0,2.0,-4.0,1.0,20.879426828513196
1,-0.3765510761156182,0.8362697141025541,-0.26197044703742944,0.879426828513196
2,0.06977427090481672,-0.17819818883407704,0.056003944547120335,0.03828908086419836
3,-0.012668465894426446,0.03785443391332368,-0.01193277755266049,0.001666037480154229
4,0.002240623525332142,-0.008025098931862156,0.0025301923444131834,7.258928513779294e-05
5,-0.00039017885773412687,0.0017362139696256544,-0.000513551587605468,3.1666784893459807e-06
