,mpc_x_0,mpc_x_1,u_0,ctg
0,-9.0,4.0,-3.3239798511894145,102.69185164741646
1,1.8290299949868263,-1.4669839583230018,0.25541191399800794,5.691851647416449
2,-0.37262999204374775,0.2108558871116265,-0.09152250397172768,0.19445899087791796
3,0.07525689505904251,-0.07175208094677431,0.011395484769454957,0.011145674777763499
4,-0.015353800370756255,0.005096019773238494,-0.006456536947140589,0.0003337134036433087
5,0.0030904505154907658,-0.00790277899857632,-0.0010154634073850294,7.200480028903607e-05
