,mpc_x_0,mpc_x_1,u_0,ctg
0,-3.0,8.0,-1.4343263277163054,78.7465337985869
1,0.5160190023075988,-2.3073652120236665,0.5883203121305408,5.74653379858689
2,-0.08705747682642148,0.37146070130295367,-0.14834417183249823,0.15632396618734157
3,0.013405277455629505,-0.10190454376515398,0.022156515190715105,0.010761909303476466
4,-0.0019957729247744266,0.010669244659783658,-0.008472287926206717,0.00019767179982987422
5,0.000149007402626885,-0.008934970925876135,-0.0006587934517502254,7.985590865228945e-05
