,mpc_x_0,mpc_x_1,u_0,ctg
0,8.0,6.0,3.281832398868236,106.33879586597418
1,-1.7708128127325231,-1.7293377023330898,0.416968605947376,6.338795865974174
2,0.38723073338466574,0.22479355492652392,-0.10922307415153626,0.2124089595258147
3,-0.08467295781484088,-0.06601794363062266,0.012329986284860633,0.011929176311684497
4,0.01824441454380717,0.0020797759755979968,-0.006073180198871936,0.0004012976453546006
5,-0.004111746107357932,-0.006870739345097459,-0.0012083741773842116,6.411351519964336e-05
