,mpc_x_0,mpc_x_1,u_0,ctg
0,0.0,3.0,0.0,10.346688305424474
1,-0.05048149189449916,-1.151517462746226,0.16508041335269708,1.3466883054244738
2,0.018982959672493614,0.12364250767175691,-0.07016474174273718,0.018147457391073644
3,-0.006105926454929705,-0.04916496825166039,0.005552098272431212,0.0024996349297856588
4,0.0015176812288598574,-0.0005322487713746302,-0.004946675496471849,4.5158488725873834e-05
5,-0.00047874942358169825,-0.006507122455297015,-0.001375647374365969,4.2571843658810465e-05
