,mpc_x_0,mpc_x_1,u_0,ctg
0,-6.0,9.0,-2.7303680313509133,125.15827420381697
1,1.133694946390338,-2.5735975132318427,0.6723845449646432,8.158274203816969
2,-0.21391797537793106,0.4340615967323347,-0.16635676165302965,0.24960581223285314
3,0.03937615066867599,-0.11636447734755015,0.026350899625466058,0.015435442285236089
4,-0.007299535414586775,0.013975077993813229,-0.009438903064414824,0.00034426945538530387
5,0.0012533211107668082,-0.009701165877184083,-0.00044723134197213797,9.568343318333458e-05
