,mpc_x_0,mpc_x_1,u_0,ctg
0,-1.0,-5.0,-0.5,27.161794211932047
1,0.2659945383148565,1.020085197090659,-0.3321514819023301,1.1617942119320457
2,-0.06739116254442207,-0.20912107054033796,0.06831525494253927,0.05046730819522343
3,0.016520378372235543,0.04272624340384283,-0.01400376956871302,0.0021941172621977095
4,-0.003957988185559952,-0.008707182786085517,0.0028558747146039403,9.566248523145851e-05
5,0.0009528251931050101,0.0018093940520259256,-0.0005572002981791476,4.181782684122398e-06
