,mpc_x_0,mpc_x_1,u_0,ctg
0,-8.0,-5.0,-4.0,93.08468866073929
1,1.737790182018848,0.9405070770545352,-0.3321658122995969,4.084688660739295
2,-0.3759520821479053,-0.17583909444044868,0.06298880989969029,0.1802203820285289
3,0.081026382614538,0.03229629477640148,-0.011775659768877055,0.00796102682354651
4,-0.017418158549705767,-0.005801666450391382,0.002158836095738462,0.00035270148766478705
5,0.0038186047772402793,0.0010335203702587252,-0.0003712670857028662,1.5649906800502016e-05
