,mpc_x_0,mpc_x_1,u_0,ctg
0,9.0,7.0,4.272151219121041,138.03778392178103
1,-1.9939861493733095,-1.9453863865346888,0.5007339873251491,8.037783921781026
2,0.4365959378366012,0.26739190055731954,-0.1238340556457849,0.27727496497393367
3,-0.09553171142990953,-0.07431122455834753,0.015183792004521421,0.015160523554856859
4,0.0206233610930854,0.003685146292144383,-0.006627809472375436,0.0005120575707681986
5,-0.0046425814848854614,-0.007183361466201122,-0.0011057531218867916,7.315424479790443e-05
