,mpc_x_0,mpc_x_1,u_0,ctg
0,-2.0,5.0,-0.9787077402198117,31.781164886609986
1,0.3445120109940149,-1.613492511833408,0.3368090869677267,2.7811648866099867
2,-0.05884361271980524,0.22460654449893705,-0.10141377627849632,0.05911827514836606
3,0.009123309478342142,-0.07104702072863704,0.012317080986970139,0.0052076045586946455
4,-0.0014417423388802062,0.004195428414543464,-0.006409384058578438,7.669062844165595e-05
5,0.00010416905754784289,-0.007549803752139991,-0.0010730446041530535,5.701038788837749e-05
