,mpc_x_0,mpc_x_1,u_0,ctg
0,-10.0,1.0,-5.0,105.71926209893016
1,2.087646906995256,-0.38975191204626786,0.08887941787547801,4.719262098930158
2,-0.43456210874785234,0.10478956353478655,-0.026097469111979434,0.20908593769957637
3,0.09019618616755279,-0.026734417013895444,0.007016320817736108,0.009260858714385064
4,-0.018684117854524483,0.00659231227233404,-0.0017867971436975893,0.00041077766214035895
5,0.003948522128032416,-0.0016223421485835777,0.00042186295058665795,1.8222821042632414e-05
