,mpc_x_0,mpc_x_1,u_0,ctg
0,8.0,-4.0,4.0,83.6630071183452
1,-1.6380901988974264,0.9044795405861005,-0.261958164133171,3.663007118345203
2,0.33425505888801516,-0.2067255993994998,0.0605694694318255,0.16158437928254915
3,-0.06795932657441801,0.04679439050481089,-0.013842586106499442,0.007122461443236186
4,0.013777912375818565,-0.010515541656910108,0.003127654057156656,0.00031427639207105173
5,-0.0028465613487344897,0.0024012485887546986,-0.0006729229228730698,1.386890629710555e-05
