,mpc_x_0,mpc_x_1,u_0,ctg
0,-10.0,-1.0,-5.0,105.66616959482124
1,2.1111990121456943,0.04608888193477711,-0.051470353481366575,4.666169594821241
2,-0.44441218740916255,0.01441638963661266,0.0030906767114027758,0.20688414089828788
3,0.09328301394583562,-0.008050841538769744,0.0009645282280203701,0.009174116290336626
4,-0.019544052403668292,0.002737701875230549,-0.0005379706952763937,0.0004075795500352829
5,0.004178147732720922,-0.0008109473742905276,0.00017519419695283947,1.8114554120309685e-05
