,mpc_x_0,mpc_x_1,u_0,ctg
0,4.0,1.0,2.0,17.822217209583798
1,-0.85594438109282,-0.2305956749413072,0.088908086432125,0.8222172095837977
2,0.18255973071056134,0.03822561254371973,-0.015444579153153502,0.03640206075779004
3,-0.038815822406482625,-0.005874520134644311,0.00256010128420479,0.001612808026334789
4,0.008236222903100391,0.0007812797046146534,-0.0003927199281165319,7.162997043084908e-05
5,-0.0017830370487525887,-7.059481019559285e-05,4.9996532966214964e-05,3.1842047444508928e-06
