,mpc_x_0,mpc_x_1,u_0,ctg
0,5.0,8.0,1.7902350953690336,95.47842865092886
1,-1.1659813391998612,-2.2191838701807494,0.585841103271017,6.478428650928865
2,0.2655981198169673,0.33396337971926154,-0.14236075440870397,0.19413911789615376
3,-0.060324842977582394,-0.09009865682865749,0.019644116827345574,0.012065217652333966
4,0.013390501274817498,0.007373200133058916,-0.007682735419249575,0.00030836300973580464
5,-0.0031273297634265445,-0.00805687369229294,-0.000871811984114266,7.469340514277561e-05
