,mpc_x_0,mpc_x_1,u_0,ctg
0,-3.0,5.0,-1.391164119666736,37.01508224787916
1,0.5547601147495768,-1.6243411272614463,0.33724430957284085,3.0150822478791537
2,-0.10292727609737387,0.22925756741886863,-0.10214988150843671,0.06883936524920373
3,0.01834033938565584,-0.07251528133796413,0.012628699454500915,0.005686308865561598
4,-0.0033652684487322387,0.004605979678932442,-0.006507526164853026,9.147478925647016e-05
5,0.0005137555435377165,-0.007659684325295862,-0.0010467706361103,5.893470872169886e-05
