,mpc_x_0,mpc_x_1,u_0,ctg
0,6.0,7.0,2.7444125315862915,90.95482902460269
1,-1.3632373957076018,-1.9782500867604373,0.501817487383588,5.954829024602693
2,0.304348255326339,0.28141124497244013,-0.1260639421932785,0.18293942177937078
3,-0.06788201561592434,-0.07872974900851934,0.016123089197493105,0.011119272462245621
4,0.014853243897740726,0.004919641748701907,-0.006923153084908151,0.000312931039220572
5,-0.0034139482873559333,-0.0075136054654532285,-0.0010267486113943536,6.810930999922913e-05
