,mpc_x_0,mpc_x_1,u_0,ctg
0,-7.0,2.0,-3.212985813782738,55.62665403223642
1,1.443428904251168,-0.6582102547349029,0.135687535331829,2.626654032236413
2,-0.29709947583310475,0.12858078163159908,-0.04215478342476194,0.10992629117049954
3,0.06087957007284444,-0.03485879966248126,0.008064937704391012,0.005125175225200975
4,-0.012486289893984929,0.005808967588917759,-0.002661843497015679,0.00020371725903759526
5,0.002590892146319777,-0.0027116410451987535,0.00010346177274236247,1.406571927186809e-05
