,mpc_x_0,mpc_x_1,u_0,ctg
0,-8.0,5.0,-3.7451337399958216,94.57620117608893
1,1.6060034554536842,-1.678636121541181,0.33937846238754743,5.576201176088931
2,-0.32334496978479094,0.2525232217291466,-0.1058338663263878,0.17913484861693862
3,0.06442534558644687,-0.07985878442062919,0.014187509008158551,0.01081490161934351
4,-0.012982808671507896,0.006659188409367767,-0.0069983801359413825,0.00028685101626987387
5,0.0025616790955467717,-0.008209184198741915,-0.0009153701406470388,7.395290499743527e-05
