,mpc_x_0,mpc_x_1,u_0,ctg
0,7.0,-3.0,3.5,60.64517989175852
1,-1.439609731166245,0.67519084035494,-0.1917853202588864,2.645179891758514
2,0.29509996680698497,-0.15678444500206362,0.04521447562764457,0.11682104279075516
3,-0.06028759695622967,0.035962610358057416,-0.010498388448722033,0.005155690186666406
4,0.012284998149347146,-0.00817316278431875,0.0024036638930073975,0.0002277864961441552
5,-0.002551977060700322,0.0018847121258639748,-0.0005230266678887768,1.0064726715719359e-05
