,mpc_x_0,mpc_x_1,u_0,ctg
0,-3.0,9.0,-1.3577039700356,96.90239964229347
1,0.5029433426622479,-2.54037120607134,0.6715747754952732,6.902399642293471
2,-0.08167363383769173,0.4199676498262022,-0.16410226693050095,0.19596177172884094
3,0.011728004961160516,-0.11193048177748344,0.025406605994912602,0.01291836236404402
4,-0.0015299156047020234,0.012737375642783714,-0.009142524542909185,0.00025238351273546326
5,2.4833257779912593e-05,-0.009370246315966339,-0.0005264407805569654,8.78021327125727e-05
