,mpc_x_0,mpc_x_1,u_0,ctg
0,-2.0,-5.0,-1.0,30.300987190581658
1,0.47625105884273855,1.008716894327891,-0.33215352903564416,1.300987190581659
2,-0.11147129391731089,-0.20436650254925312,0.0675543342285118,0.05666234663032366
3,0.025735521835936435,0.04123625074810738,-0.013685468170229942,0.0024708298985102605
4,-0.0058808696663370545,-0.008292109025052943,0.0027562977693965157,0.00010808443858151319
5,0.0013622222766094983,0.0016985549548996816,-0.0005306384107626173,4.740738465705424e-06
