,mpc_x_0,mpc_x_1,u_0,ctg
0,-4.0,3.0,-1.8898792422428417,27.099869783358486
1,0.7905077814939081,-1.19413403053878,0.16738338369196526,2.099869783358486
2,-0.1573591907364733,0.14208536250575757,-0.07305659288378435,0.04901114786527334
3,0.030765590092146626,-0.05500456222554501,0.0067877673182996185,0.004060982717643013
4,-0.0061775148536634605,0.0011030293614158475,-0.005337007673075279,8.895931830116865e-05
5,0.0011599112634141395,-0.006945182547838144,-0.0012709947102902545,4.958095476179052e-05
