,mpc_x_0,mpc_x_1,u_0,ctg
0,-6.0,3.0,-2.6225491746944,48.03302218619991
1,1.211003084670246,-1.2154741654666286,0.16850959607949834,3.0330221861999105
2,-0.24552992301678137,0.15131337466185982,-0.07450466840209746,0.0891162682022623
3,0.04920123589281003,-0.05792572862769817,0.007406046315765778,0.005935587754075359
4,-0.010025062804988147,0.001920950820067071,-0.00553226419954695,0.00015943610364569104
5,0.0019792324643123915,-0.007164272901057704,-0.0012186497597042095,5.524416734861788e-05
