,mpc_x_0,mpc_x_1,u_0,ctg
0,3.0,-1.0,1.5,10.444302391103392
1,-0.6221357543443865,0.19387683531677283,-0.05144373345318864,0.4443023911033912
2,0.12862951989978547,-0.047393000495649824,0.012982646756068512,0.019661266997285303
3,-0.026513850806710617,0.0113190648557138,-0.0031733903123959363,0.0008696171116553293
4,0.005453406740012748,-0.0026582575371603273,0.0007565296945717848,3.851159784696479e-05
5,-0.0011440143192035545,0.0006299610135046871,-0.00017011037888911193,1.7056196410786248e-06
