,mpc_x_0,mpc_x_1,u_0,ctg
0,-5.0,-9.0,-2.5,109.74908215301441
1,1.1554703999357654,1.499999975378789,-0.842570985082232,3.7490821530144087
2,-0.25980302864567956,-0.2988158704333675,0.10045670962771104,0.16397038175032355
3,0.05798622721049973,0.05919317206176274,-0.02001048642504721,0.007181843634004684
4,-0.012871173668674182,-0.011663541481374842,0.003956601874411163,0.00031560946916353626
5,0.002906730537576908,0.002335610251846584,-0.0007463870738115139,1.3904157666613006e-05
