,mpc_x_0,mpc_x_1,u_0,ctg
0,0.0,9.0,0.0,81.01347360948702
1,-0.03688319822689422,-0.10790126578349157,0.4431086177189116,0.013473609487017922
2,0.0029494420378426488,0.01946768249092435,0.04889152927802232,0.00047055601789385937
3,-0.00040088227522042596,-0.005585399891722525,0.0025856688294105612,8.286614799182352e-05
4,0.00040956017775903547,-0.005705217719386928,-0.002743964651864754,5.150874944278362e-05
5,0.0004947015946732254,-0.004306596220938155,-0.0023185412809253406,1.879150067797103e-05
