,mpc_x_0,mpc_x_1,u_0,ctg
0,-10.0,0.0,-5.0,104.64292806025315
1,2.0994229594904956,-0.17183151642916683,0.018704532704691457,4.642928060253148
2,-0.43948714804213734,0.05960297690730148,-0.011503396288155813,0.20582522737896924
3,0.09173960004415722,-0.017392629350375412,0.003990424543580901,0.009123759228545391
4,-0.01911408512527883,0.004665007090583084,-0.001162383924279726,0.0004051014565639187
5,0.004063334929306269,-0.0012166447651646597,0.0002985285748837271,1.7990915232322955e-05
