,mpc_x_0,mpc_x_1,u_0,ctg
0,-1.0,1.0,-0.5,2.126293671040098
1,0.19533822140407142,-0.2874371903262951,0.08889785258171833,0.12629367104009812
2,-0.03784092600777946,0.061998455077541044,-0.01924918294218966,0.0055165119161173035
3,0.00725989485753308,-0.013324483615140385,0.004151608495010826,0.0002407678029891884
4,-0.0013781844799708649,0.0028566487349762164,-0.000890604636462641,1.0519866036608536e-05
5,0.0002639483638124631,-0.0006247902383804333,0.00018280600752483342,4.60031580734755e-07
