,mpc_x_0,mpc_x_1,u_0,ctg
0,0.0,3.0,0.0,10.346688305424474
1,-0.05048149189449917,-1.151517462746226,0.16508041335269713,1.3466883054244738
2,0.018982959672493624,0.1236425076717571,-0.07016474174273722,0.018147457391073686
3,-0.006105926454929706,-0.04916496825166035,0.005552098272431212,0.002499634929785654
4,0.0015176812288598591,-0.0005322487713745889,-0.004946675496471849,4.5158488725873536e-05
5,-0.00047874942358169765,-0.006507122455296995,-0.001375647374365969,4.25718436588102e-05
