,mpc_x_0,mpc_x_1,u_0,ctg
0,7.0,2.0,3.198782242366403,55.61468113948444
1,-1.5001292481196915,-0.502842921086505,0.13304873494401467,2.614681139484441
2,0.3200577201428258,0.06277800174000096,-0.03172353501755337,0.11144237513348067
3,-0.0681481573683453,-0.014158228179982258,0.0036591001368980487,0.005064353407989706
4,0.014439215761247888,3.0729551812933275e-05,-0.0012783255682081052,0.00021972663009250704
5,-0.0031421310070924337,-0.0011669390393466502,-0.0002662976006383134,1.1234733987282994e-05
