,mpc_x_0,mpc_x_1,u_0,ctg
0,-7.0,7.0,-2.5269712828921604,104.5771146727018
1,1.3700087589604646,-2.1209187338268602,0.5062962703343326,6.577114672701793
2,-0.2687230860397711,0.342215061527628,-0.13574452888639138,0.20189439757566907
3,0.051932212201341754,-0.09788770956369117,0.020196933780124826,0.012571152268572663
4,-0.010150273913283983,0.010271426082977146,-0.00820371785249297,0.0002921939208219179
5,0.0019100166661543884,-0.008945138504471232,-0.0006842508836065817,8.366366652916136e-05
