,mpc_x_0,mpc_x_1,u_0,ctg
0,-5.0,6.0,-2.0962031129198144,65.55205100161803
1,0.9624142847390118,-1.8711362323312322,0.4220830387733536,4.55205100161802
2,-0.18584999699866409,0.2854186396029445,-0.1188451259423627,0.12465894620559732
3,0.0351447442092503,-0.08513861510468036,0.016391788675194995,0.008654924988398356
4,-0.006760402951066435,0.007423919712410003,-0.007351275829449062,0.00017118816092181492
5,0.0012125213026030303,-0.008300621727042571,-0.0008663754137777202,7.037052896471734e-05
