,mpc_x_0,mpc_x_1,u_0,ctg
0,2.0,-2.0,1.0,8.335123148196981
1,-0.4001031812972083,0.40042892598705626,-0.12162066885079166,0.3351231481969812
2,0.07962434934289747,-0.08782501767817477,0.02681579885495285,0.014697267745687068
3,-0.015755293538864335,0.01917085933579192,-0.005880985120866142,0.0006439970072355813
4,0.0031005580197529933,-0.0041704887987604605,0.0012813659396587757,2.8245885067080838e-05
5,-0.0006198044447055009,0.0009248192596194495,-0.00026688285567171797,1.2394482126397611e-06
