,mpc_x_0,mpc_x_1,u_0,ctg
0,2.0,8.0,0.9778113696108659,73.50815436542675
1,-0.5352315127312504,-2.2522368429636184,0.5867839923144341,5.508154365426746
2,0.13335219941687473,0.3480218212374696,-0.14460352638621454,0.14911079640343675
3,-0.032675983308729686,-0.09452514531041756,0.02058611888019851,0.0102087992566736
4,0.007620632081026115,0.00860859418552267,-0.007979031364778483,0.00020607627552566513
5,-0.0018985759311928483,-0.008383898722776962,-0.0007906681085494081,7.389434836028597e-05
