,mpc_x_0,mpc_x_1,u_0,ctg
0,5.0,6.0,2.0798147675707264,65.53491271896732
1,-1.1400667888844136,-1.7620139150477194,0.4181870249497832,4.534912718967318
2,0.2549812866018947,0.23877494267796573,-0.11144049011591141,0.1304673990283075
3,-0.05702243758473048,-0.07042850537607147,0.013266730278313743,0.008438469260284133
4,0.012474048832928413,0.0033126518303286372,-0.0063679943270432224,0.00022673650267232185
5,-0.002883033969321871,-0.007200629234226384,-0.001129473780024113,6.0160946237059464e-05
