,mpc_x_0,mpc_x_1,u_0,ctg
0,-8.0,-8.0,-3.999999999999999,133.64320028930197
1,1.7734846316905897,1.499999962197269,-0.6052227826005055,5.64320028930196
2,-0.389744805289423,-0.2917899008562888,0.10045791485014333,0.24795266386744497
3,0.08522967853723946,0.05625461155703271,-0.01954024736815556,0.010910304375631837
4,-0.01857243739755731,-0.010741720992568968,0.00376023127133767,0.0004816249506380224
5,0.00412413353076795,0.0020727934026418754,-0.000687396833392566,2.13049498696402e-05
