,mpc_x_0,mpc_x_1,u_0,ctg
0,3.0,-4.0,1.5,26.111387398389972
1,-0.5868075966460586,0.8476380172293366,-0.26196839966190016,1.1113873983899722
2,0.11385440227373023,-0.18295275691010904,0.05676486528446203,0.04855403465596756
3,-0.021883609356142968,0.0393444265886036,-0.012251078956613195,0.0021194984778497216
4,0.004163505005410126,-0.008440172697335298,0.0026297692908851663,9.262221581143546e-05
5,-0.0007995759410263023,0.0018470530677400657,-0.0005401134753161249,4.0509267205160845e-06
