,mpc_x_0,mpc_x_1,u_0,ctg
0,-1.0,-2.0,-0.5,5.195953866803353
1,0.2306663803161421,0.36632401601327047,-0.12162681145561743,0.19595386680335283
2,-0.052616044765108214,-0.07356131336427156,0.02453303659721458,0.008553603087110883
3,0.011890136846842736,0.014700881301412486,-0.004926080901854504,0.0003738880965104529
4,-0.002668086420914843,-0.0029252675027552277,0.0009826350993718514,1.6396831235586334e-05
5,0.0006083868053422718,0.0005923019656609094,-0.00018719719262561736,7.209561234403522e-07
