,mpc_x_0,mpc_x_1,u_0,ctg
0,9.0,-8.0,4.5,150.7428089014917
1,-1.8001252756230364,1.4999999617609168,-0.7333866017719357,5.74280890149171
2,0.3616314532494298,-0.33241689133015023,0.10045093973725763,0.2523580082720455
3,-0.07230304949107312,0.0732465611026287,-0.02225935909770991,0.011079710651150048
4,0.014394590881125803,-0.01607206077291954,0.004895725928689348,0.0004869209720803605
5,-0.0029153862760060694,0.0035925075947904066,-0.0010285022162484464,2.140558795695129e-05
