,mpc_x_0,mpc_x_1,u_0,ctg
0,1.0,8.0,0.41949350892618087,70.3702793526859
1,-0.32498149801423853,-2.2632584878070556,0.5870947249513707,5.370279352685895
2,0.0892702370994932,0.35270880093771484,-0.1453513842820404,0.14232739600363636
3,-0.023459714492494094,-0.09600085708137265,0.020900144754649144,0.009954722512916073
4,0.005697349558828508,0.009020689469391736,-0.008077671761286754,0.0001881997484885989
5,-0.0014890598940761812,-0.008494104933527393,-0.0007642953972878326,7.436711798992057e-05
