,mpc_x_0,mpc_x_1,u_0,ctg
0,7.0,-8.0,3.5,117.3439092444064
1,-1.3797005810486436,1.4999999631837284,-0.7183084984697681,4.343909244406398
2,0.2732342464139958,-0.3276372462554699,0.100451760422735,0.19033566150924663
3,-0.05376978736726606,0.07124750842094206,-0.021939463652995463,0.008332542961955004
4,0.010516116960638085,-0.015444962051475426,0.004762138332173241,0.0003651454722417881
5,-0.0020872074731709137,0.00341371769547389,-0.0009883721785526234,1.6009903540452075e-05
