,mpc_x_0,mpc_x_1,u_0,ctg
0,-8.0,6.0,-3.4170101584197985,106.36623776508387
1,1.5931610522950381,-1.903932518461994,0.4232051490827688,6.366237765083866
2,-0.31809850916925564,0.29942338646080907,-0.121070193281095,0.20311659167700252
3,0.06279478740906967,-0.08955421300956558,0.01733010049087566,0.012275565781640473
4,-0.012530607002237945,0.008657837849323068,-0.007646419619441589,0.00031242338812757396
5,0.0024411855075703974,-0.008630743500735989,-0.0007874068829877541,8.044912005786826e-05
