,mpc_x_0,mpc_x_1,u_0,ctg
0,9.0,9.0,4.159708993434463,172.2288146004009
1,-2.020060742984456,-2.407614004572042,0.6682024164433219,10.228814600400916
2,0.44730494461853804,0.3636214525156894,-0.1550942859340517,0.3515640000425788
3,-0.09886508696992152,-0.09420066424668644,0.021631423768576727,0.019261725832765617
4,0.021548765253916715,0.007787838492400347,-0.007957419659543519,0.0006136552666785193
5,-0.004889165095993278,-0.00804683906826274,-0.0008431958050382631,8.86555543263985e-05
