,mpc_x_0,mpc_x_1,u_0,ctg
0,-7.0,2.0,-3.2168198999307602,55.626654035127935
1,1.4434289041218695,-0.6582102571025292,0.13568753631981376,2.626654035127933
2,-0.297099475805963,0.12858078230624048,-0.04215478355248407,0.10992629131849405
3,0.0608795700698226,-0.034858799523613225,0.008064937722385916,0.005125175215831227
4,-0.012486289889009104,0.005808967677077007,-0.002661843501617992,0.00020371725971733047
5,0.002590892149059359,-0.002711641001972173,0.00010346177327532499,1.4065719051634075e-05
