,mpc_x_0,mpc_x_1,u_0,ctg
0,-2.0,-10.0,-1.0,106.65428716022464
1,0.5374561692436874,1.4999999920681293,-1.0799192034618645,2.654287160224637
2,-0.1298612521789153,-0.30584183866477094,0.10045550444626974,0.11542805016214999
3,0.030742775917367196,0.06213173266277634,-0.020480725348063687,0.0050248750668263915
4,-0.007169909942812489,-0.012585361818972508,0.0041529725104251,0.0002194045920422306
5,0.0016893275458153075,0.0025984271747901315,-0.0008053772831291389,9.605651339738194e-06
