,mpc_x_0,mpc_x_1,u_0,ctg
0,-9.0,-2.0,-4.5,88.90749856113447
1,1.9127185443723365,0.2753775852590256,-0.12164319285158502,3.9074985611344744
2,-0.40525709545923777,-0.03552476618162187,0.018445670560632153,0.1731735166855526
3,0.08561128440516207,0.0027809390645963153,-0.0023796695209152593,0.007678194253235939
4,-0.01805113820823221,0.00039532286648765125,0.00018601948757512965,0.00034116861365339593
5,0.0038835634546499414,-0.0002944108789337441,2.529792942541642e-05,1.5168742871927128e-05
