,mpc_x_0,mpc_x_1,u_0,ctg
0,-2.0,8.0,-0.9197349120830779,73.51330704652301
1,0.30576886773446477,-2.2963355933194514,0.5880164976463745,5.513307046523012
2,-0.04297558733832047,0.366772135773547,-0.14759577953552716,0.14665528890159876
3,0.004189032260038575,-0.10042849854482751,0.021842382314984764,0.010286588214635958
4,-7.24866022423999e-05,0.010257077356481643,-0.008373627332253891,0.00018315690339189256
5,-0.00026051846716063006,-0.008824746076562643,-0.0006851709618644668,7.794401318753948e-05
