,mpc_x_0,mpc_x_1,u_0,ctg
0,-3.0,0.0,-1.5,9.42108804696791
1,0.6276273152325054,-0.0922533959294009,0.018718871349985206,0.4210880469679098
2,-0.13092622817540048,0.02632100334601801,-0.006176951283768346,0.018661311081440392
3,0.027233595707327245,-0.006962680996942518,0.0017623149499130784,0.0008268386400622709
4,-0.005653914726792385,0.0017594910118036156,-0.00046534529059304305,3.66909782469335e-05
5,0.0011975553362547457,-0.0004407710347603987,0.0001125954023718718,1.6284178884759697e-06
