,mpc_x_0,mpc_x_1,u_0,ctg
0,0.0,-7.0,0.0,51.25715452727594
1,0.0792901248046166,1.4672939150488722,-0.4724994639098222,2.257154527275939
2,-0.03316110601804733,-0.30424873447574174,0.09826429604597624,0.09791617024496058
3,0.010392061028032024,0.0628997955440679,-0.020373858309164723,0.004249218862530004
4,-0.002895040730759151,-0.012976863666926946,0.004204277039228249,0.00018483965063411886
5,0.0007730535647672502,0.0027316272361646208,-0.0008304307290238313,8.059399171355717e-06
