,mpc_x_0,mpc_x_1,u_0,ctg
0,6.0,0.0,3.0,37.67372894610506
1,-1.2646813694081276,0.010061332343852761,0.01873729513533682,1.6737289461050553
2,0.26579495401842035,-0.01647011158142103,0.0006713354821322492,0.07420874956850493
3,-0.055702695402414126,0.006447253204324803,-0.0011023978826209021,0.003290527411346271
4,0.011652018576101708,-0.0019761730847245216,0.000430847204939008,0.00014617006237146654
5,-0.002487018409319931,0.0005567807868105934,-0.0001264616233076749,6.495265412857663e-06
