,mpc_x_0,mpc_x_1,u_0,ctg
0,6.0,5.0,2.7712013318686743,65.2494774301378
1,-1.3374737154904008,-1.5268387865231887,0.33322058110181196,4.249477430137808
2,0.29382770028710564,0.1874246798707706,-0.09553364982158785,0.12940481047850702
3,-0.06461351596791126,-0.059306532866435224,0.00982593960468589,0.007942082397836994
4,0.01394674000835543,0.0009121350203917387,-0.00562460983171653,0.00024991111146390816
5,-0.0031725657459349384,-0.006671011234853483,-0.00128316011248285,5.456756430782111e-05
