,mpc_x_0,mpc_x_1,u_0,ctg
0,1.0,5.0,0.497544234656014,28.636021754515713
1,-0.286232575613021,-1.5809687012840041,0.33548602064004257,2.636021754515712
2,0.07340776916391294,0.21065717309048923,-0.09920716602996667,0.05463063273401753
3,-0.018527670814703353,-0.06664302562029593,0.011382502584745095,0.004865487585918864
4,0.004328892510829655,0.0029639290129896438,-0.006115001801427958,8.092013627343282e-05
5,-0.0011245709359548907,-0.0072202001993767135,-0.0011518528165856043,5.3395950709073986e-05
