,mpc_x_0,mpc_x_1,u_0,ctg
0,-10.0,9.0,-4.638706383910724,19802.32894093943
1,-113.6830512738446,-44.05728417657004,-615.0557706409111,19621.32894093943
2,-42.14846585308205,-54.47483139591411,-168.90650487552023,4756.448504992801
3,-0.7657079567671626,-0.47976731657895344,31.343636686920046,12.448075611107614
4,1.0160267151607378,-0.7132077803785861,-4.930346577311689,11.6315902579937
5,-3.175449530754619,0.08446840658556194,15.173654913290443,10.090614634080833
