,mpc_x_0,mpc_x_1,u_0,ctg
0,4.0,5.0,1.8397271235433605,44.32578635169565
1,-0.9169764432818145,-1.548477785549494,0.3341352723892842,3.3257863516956503
2,0.2056594131840328,0.1967152485948223,-0.09700203356893297,0.0871571018216187
3,-0.046179004903845404,-0.062240621412142934,0.010448400853904739,0.00616441856069525
4,0.010099562529908488,0.001732753157597494,-0.00582073222068141,0.00015802311301616796
5,-0.0023533516952846485,-0.006890664119935989,-0.0012306432447109186,5.301951621547235e-05
