,mpc_x_0,mpc_x_1,u_0,ctg
0,6.0,-5.0,3.0,63.78550149104341
1,-1.205801105363693,1.0996633150860726,-0.3321371528641211,2.7855014910434104
2,0.24116975707882793,-0.24240304616574573,0.07364169985453224,0.12228577880101554
3,-0.047985625880602824,0.05315619192238325,-0.016231879337978233,0.005363690281122017
4,0.009502182182363832,-0.011612699097074566,0.003552913326421419,0.00023548925027959525
5,-0.0019129543921863916,0.002585267728298354,-0.0007431335090199369,1.0343003733566139e-05
