,mpc_x_0,mpc_x_1,u_0,ctg
0,-6.0,-6.0,-3.0,75.30674683539517
1,1.329053194142856,1.1811640656920142,-0.4023366221660499,3.3067468353951717
2,-0.2927168587060218,-0.2305348137841677,0.07910472339820009,0.14521589245175456
3,0.06413950952250481,0.044618066927276864,-0.015438158639726274,0.006386432714532537
4,-0.014002362837800687,-0.008559118951967004,0.002982403154066848,0.0002817841364180944
5,0.0031146234039980186,0.001660895901018392,-0.0005477252225141464,1.24594541427519e-05
