,mpc_x_0,mpc_x_1,u_0,ctg
0,-6.0,-1.0,-3.0,38.69695330641761
1,1.2701729306379854,0.0915621075185527,-0.051462161569554736,1.6969533064176099
2,-0.26809166252014704,-0.004601888373579419,0.006134360076871723,0.07523041315888232
3,0.05642244039368724,-0.002090868994871484,-0.00030867769983252747,0.0033360962694630146
4,-0.011852526597941697,0.0010774062809328995,-0.00013966281147729067,0.00014823275633011042
5,0.0025405594358361458,-0.00036759085133515655,6.894660530832903e-05,6.58956528100138e-06
