,mpc_x_0,mpc_x_1,u_0,ctg
0,9.0,8.0,4.262354596925048,154.07088497818046
1,-2.0069794950521676,-2.175126139809569,0.5845603802050575,9.070884978180459
2,0.441920970112553,0.31522361348034816,-0.13937256805587672,0.31174456053772853
3,-0.09716916796206332,-0.08419121275337824,0.01839232656385039,0.017084490216900682
4,0.021006748765272195,0.005719255521575904,-0.0072930216250751195,0.0005544827095764096
5,-0.004747948163502976,-0.0076122480519723555,-0.0009755855260778612,8.04893321680682e-05
