,mpc_x_0,mpc_x_1,u_0,ctg
0,-9.0,-5.0,-4.5,110.87339620377851
1,1.9480467033344375,0.9291387885073571,-0.33216786221441313,4.8733962037785075
2,-0.4200322139272592,-0.17108453011102726,0.06222789005754959,0.2152113570974183
3,0.09024152622987382,0.030806303024219193,-0.0114573585996504,0.009514379917472452
4,-0.019341040079359603,-0.005386592905341905,0.002059259207840889,0.0004218185551554315
5,0.004228001874835742,0.0009226813223116067,-0.0003447052128739023,1.872734067615725e-05
