,mpc_x_0,mpc_x_1,u_0,ctg
0,-8.0,-7.0,-4.0,118.22649312431783
1,1.7613422881312495,1.3763477402220414,-0.4725156786580003,5.2264931243178285
2,-0.3858021595415874,-0.266212240833243,0.09217694701770829,0.22983336634408325
3,0.08411320981376735,0.050979864486799725,-0.01782745051831561,0.010121102867674193
4,-0.018278092910704518,-0.009656275639621374,0.0034076621625240525,0.00044712421940688244
5,0.00404823032717437,0.0018449148881008548,-0.0006179357608082027,1.9791879726190496e-05
