,mpc_x_0,mpc_x_1,u_0,ctg
0,7.0,3.0,3.3006754690496574,61.599840076851955
1,-1.5222108987249852,-1.07715386255401,0.1608800579228898,3.599840076851952
2,0.3275835123894521,0.09141164967035395,-0.06511851556751047,0.12245361303980175
3,-0.07063200266949722,-0.03895491564116992,0.003392642659834726,0.0067865657549359025
4,0.01498455617131505,-0.0033920955371176224,-0.004264209722735211,0.00028020050122137434
5,-0.003346495564468957,-0.005740926133833693,-0.0015586684193996726,4.4157265437145074e-05
