,mpc_x_0,mpc_x_1,u_0,ctg
0,-6.0,4.0,-2.6221904331164443,55.59760255757857
1,1.1982842368968563,-1.4346354593022963,0.2539696196020259,3.5976025575785715
2,-0.24037713215652914,0.19694352178313373,-0.08932745730342521,0.10353854409557944
3,0.04760491061767117,-0.06735574784708788,0.01046335561221587,0.006970627659438287
4,-0.009582950928265008,0.0038661157004798658,-0.006162676515196349,0.00016760337648134138
5,0.0018616070432036175,-0.0075735062286238315,-0.001094173937465003,6.0823577378309284e-05
