,mpc_x_0,mpc_x_1,u_0,ctg
0,5.0,-7.0,2.5,77.34043061084076
1,-0.9718986943624661,1.4999994336363969,-0.48849969384871655,3.340430610840759
2,0.18749107842755847,-0.3230009941755762,0.10045252094865749,0.145845237827781
3,-0.0357929693937483,0.06930845212705491,-0.02162916532314411,0.0063626910994415056
4,0.0067540909172686715,-0.014836686519540206,0.004632560021537357,0.00027789290517144015
5,-0.0012838940907210796,0.003240294760884318,-0.0009494466965328387,1.2147894173602868e-05
