,mpc_x_0,mpc_x_1,u_0,ctg
0,1.0,3.0,0.49742532784605026,10.059882183248837
1,-0.16810235749369862,-0.17335596199262798,0.181959496322469,0.059882183248836394
2,0.03711068431974313,-0.010385015785790099,0.04802707771240388,0.0015714910955076644
3,-0.007969850030088207,-0.0021485334173096905,-0.008398986058937184,8.643965195692591e-05
4,0.0016754120502688612,-0.002790877771848105,-0.011146362632705721,1.8304946609532465e-05
5,0.00014805707229875888,-0.0027725478241669398,-0.010935019372738091,7.708942333950512e-06
