,mpc_x_0,mpc_x_1,u_0,ctg
0,-9.0,3.0,-3.9223548218972777,95.12845978757683
1,1.841746751662036,-1.247522660627926,0.17016830797801955,5.128459787576833
2,-0.3777857013417696,0.1651633892415981,-0.07667940033963654,0.1801159015389928
3,0.07685453915987382,-0.06230912936401519,0.008333998648079691,0.010114920254928416
4,-0.015796333590149318,0.0031481774002478403,-0.005825259916815494,0.0003258724633502572
5,0.0032081983274402917,-0.007492980115238236,-0.0011401104926355588,6.64372875155463e-05
