,mpc_x_0,mpc_x_1,u_0,ctg
0,4.0,8.0,1.5204859237862964,86.0622290605126
1,-0.9557314143764253,-2.2301995257198026,0.5861571964702627,6.062229060512612
2,0.2215161371123299,0.33864908311592723,-0.14310821859651726,0.17501659956581792
3,-0.051108553029214875,-0.09157397172298687,0.01995814723812788,0.011263999069391196
4,0.011467201612500866,0.007784457013107262,-0.007781767755426675,0.0002661225795287285
5,-0.002717611852300106,-0.008163496893997643,-0.0008434103960901371,7.402809571807118e-05
