,mpc_x_0,mpc_x_1,u_0,ctg
0,5.0,-4.0,2.5,42.8536719094894
1,-1.007320637706137,0.8703746234372217,-0.26196430494130507,1.8536719094893976
2,0.20201466501195342,-0.19246189305147768,0.05828670675622232,0.08142505721721355
3,-0.040313896279804265,0.04232441193669666,-0.012887681763830336,0.0035735520603633634
4,0.008009267965649755,-0.009270320227720138,0.002828923183669573,0.00015698598131735672
5,-0.00161837010763649,0.002068731263843824,-0.0005932372507002363,6.898770847296209e-06
