,mpc_x_0,mpc_x_1,u_0,ctg
0,-1.0,-4.0,-0.5,17.740271861607738
1,0.2542184854771486,0.8021648046402494,-0.2619765892186764,0.7402718616077367
2,-0.06246612320121347,-0.1639344845867807,0.05372118232985182,0.03217644944591198
3,0.014976964490313346,0.0333844558830536,-0.01097787333956695,0.0013999176613893572
4,-0.0035280209147515373,-0.006779877634434069,0.0022314615047106926,6.108630143769805e-05
5,0.000838012392095981,0.0014036966750577,-0.00043386592440665416,2.6726291248744703e-06
