,mpc_x_0,mpc_x_1,u_0,ctg
0,-1.0,9.0,-0.42027799627555223,88.5290353563713
1,0.08244240187451864,-2.5182283457386716,0.6710277238648416,6.52903535637129
2,0.00648935620318056,0.41057328405309285,-0.16259980683351138,0.18076460546272444
3,-0.0067041075768309085,-0.10897481815024093,0.024777186220830496,0.012152072140651
4,0.0023165122072343054,0.011912309356246827,-0.008944960425583494,0.00023161609137119682
5,-0.0007941591695863428,-0.00914964805767782,-0.0005792423170764661,8.43467483660056e-05
