,mpc_x_0,mpc_x_1,u_0,ctg
0,-7.0,1.0,-3.5,52.35318251344413
1,1.4568773447909014,-0.3556470131990106,0.08888556272834479,2.353182513444132
2,-0.30232171430942034,0.09052586228841618,-0.023814707510612796,0.10420611768176771
3,0.06255075565198309,-0.0222644397729773,0.006061416786049944,0.0046127669957196525
4,-0.012915473370397166,0.005347091172809465,-0.001488066352893167,0.00020446468468102432
5,0.002720330865203645,-0.0012898249001587286,0.0003421773009667755,9.063848289249084e-06
