,mpc_x_0,mpc_x_1,u_0,ctg
0,-1.0,-7.0,-0.5,52.303564825203374
1,0.28954664491695953,1.4559257202403666,-0.4725014394335482,2.3035648252033747
2,-0.07724123851607002,-0.29949418892478175,0.0975033825634051,0.10000786276327657
3,0.019607204980184454,0.061409807539321334,-0.020055558413739717,0.004344884636067289
4,-0.004817922366571358,-0.012561790867960353,0.004104700404966945,0.0001892776869158318
5,0.0011824506927294706,0.0026207883421624735,-0.0008038689031561492,8.26672117515113e-06
