,mpc_x_0,mpc_x_1,u_0,ctg
0,5.0,5.0,1.9836616061020482,53.741250230467465
1,-1.1272246516305013,-1.5376573955969575,0.3336797514579967,3.741250230467466
2,0.24974329379484303,0.1920696774603683,-0.09626775588870184,0.1062245489899428
3,-0.05539616076012131,-0.060773535512174584,0.010137152644917461,0.006962075194715619
4,0.012023121893272284,0.0013224314596639636,-0.005722667305739779,0.00019991794910486954
5,-0.0027629510311747425,-0.0067808381250556125,-0.0012569022535656325,5.3613664078877286e-05
