,mpc_x_0,mpc_x_1,u_0,ctg
0,6.0,3.0,1.309462946036134,47.99968760712908
1,-1.311963879542864,-1.0877600449078189,0.16149384848726173,2.9996876071290806
2,0.283497583117051,0.09601247709496794,-0.06583823187281186,0.09521647060605727
3,-0.061413914820053615,-0.04041275308058029,0.003700897336569405,0.005627195214936312
4,0.01306069490321868,-0.0029837000280450244,-0.004361654976905498,0.0002223356698595589
5,-0.002936809901161657,-0.005850350438365165,-0.0015325322783965394,4.285145264724062e-05
