,mpc_x_0,mpc_x_1,u_0,ctg
0,0.0,-8.0,0.0,66.36084040142414
1,0.09178585207802537,1.4999999228018661,-0.6655351969501725,2.360840401424147
2,-0.0361559773899006,-0.3109084770816852,0.10045462997133225,0.10241599037685355
3,0.011096629879341884,0.06425082124856292,-0.02081982888995229,0.004444654554581791
4,-0.0030585416792011664,-0.013250115869389765,0.004294581561452466,0.00019335132878790334
5,0.0008114183096800343,0.0027879528975494144,-0.0008479170045598006,8.431081032238178e-06
