,mpc_x_0,mpc_x_1,u_0,ctg
0,-10.0,-10.0,-5.0,207.5051571623654
1,2.219154947511538,1.5000000051895601,-1.019606781832925,7.505157162365403
2,-0.4834500794764524,-0.2867232563490219,0.1004587876310669,0.330508465731785
3,0.10487582436812362,0.05413552157632912,-0.019201143436099747,0.014574260654609934
4,-0.022683805597927594,-0.010076966627757242,0.0036186221287352925,0.0006446674213752263
5,0.005002042748998598,0.0018832676100098969,-0.0006448570916184156,2.8567128553721843e-05
