,mpc_x_0,mpc_x_1,u_0,ctg
0,5.0,7.0,2.0426925412994934,79.44605746178541
1,-1.1529878846989454,-1.9892099817697153,0.5021744665767739,5.446057461785421
2,0.26026574059805363,0.2860854963135698,-0.12680761244248248,0.15972004795060102
3,-0.05866547482540051,-0.08020282122857522,0.016436263502616327,0.010136881020566146
4,0.012929878661359034,0.0053311898756380595,-0.007021616667580859,0.0002627505510536502
5,-0.0030044062407254086,-0.007623696380809444,-0.0010004107041339347,6.71472033660768e-05
