,mpc_x_0,mpc_x_1,u_0,ctg
0,6.0,-3.0,3.0,47.042065774135885
1,-1.2293532106337004,0.6638225371439901,-0.1917873677048583,2.042065774135887
2,0.2510198354374627,-0.1520298769300629,0.04445355488143339,0.09009609682021558
3,-0.051072453493807554,0.03447261768877296,-0.010180087044288287,0.003972055557794645
4,0.0103621166688647,-0.00775808902128072,0.0023040869467773786,0.00017529868160120714
5,-0.002142579977258465,0.0017738730284262549,-0.0004964647803658137,7.737274479927018e-06
