,mpc_x_0,mpc_x_1,u_0,ctg
0,-3.0,2.0,-1.453960985302052,13.767696412004735
1,0.6024098864923001,-0.6137617448329874,0.13497229798062216,0.7676964120047359
2,-0.12076991362610989,0.10976901018997032,-0.03917080686136039,0.02809526124063688
3,0.024014578774099096,-0.02894182866594362,0.006805332070016315,0.0014606536052930252
4,-0.004793420782244937,0.004157599954644471,-0.0022664029478211283,4.632416506677857e-05
5,0.0009528804747185151,-0.0022701682072395913,-2.2193189202750685e-06,6.061644888261203e-06
