,mpc_x_0,mpc_x_1,u_0,ctg
0,-7.0,5.0,-2.7816427147247826,78.8784391336494
1,1.395754429687854,-1.667770467148011,0.33895708845722455,4.878439133649396
2,-0.2792614820616721,0.2478687008669639,-0.10509661086639768,0.14885037456503442
3,0.05520837262166969,-0.07838979709449459,0.013875654397635467,0.009424506332276377
4,-0.011059309366073564,0.006248486734216041,-0.006900190064050823,0.00023158163622721847
5,0.00215209714678245,-0.008099271817628609,-0.0009416540316115121,7.022972610502219e-05
