,mpc_x_0,mpc_x_1,u_0,ctg
0,-6.0,0.0,-3.0,37.67372130940381
1,1.2583968768367984,-0.12635830645347204,0.018712728460061848,1.673721309403813
2,-0.2631666222705642,0.04058470784430849,-0.008459713568027558,0.07419218816141535
3,0.05487902608632148,-0.011432659085682615,0.0027172191790798307,0.003288398573309668
4,-0.011422559164805727,0.003004712322644423,-0.0007640761340654122,0.0001459853753570731
5,0.002425746585449574,-0.0007732883323277873,0.00019228106646180138,6.482221341734559e-06
