,mpc_x_0,mpc_x_1,u_0,ctg
0,4.0,2.0,1.85345009537678,21.086432221204007
1,-0.8693637028958586,-0.5360868888517474,0.13364803393832653,1.0864322212040047
2,0.18780965132982338,0.07686904636537549,-0.03395556490674129,0.04324982089246017
3,-0.04049904041942909,-0.01859192298883711,0.004602560263912692,0.0020685054707080923
4,0.008669433560632487,0.0012685300878835962,-0.0015746525328363735,8.267359539069175e-05
5,-0.0019135875146235328,-0.001497842237514293,-0.00018708792306264475,5.905348544604893e-06
