,mpc_x_0,mpc_x_1,u_0,ctg
0,-5.0,2.0,-2.2847898004169687,206704.62670556136
1,1.0830006781994008,-1.983074445920739,-0.8194224062218078,206675.62670556136
2,-4.884602156473998,6.849495886072554,4.658976841462774,206670.5212308343
3,4.535230173067944,-28.26017954017251,-15.21208432767879,206599.74629871396
4,0.49049764500910503,97.4968178812535,49.7061256334471,205780.54023834848
5,-41.60556041984266,-441.0710231874105,-188.474736669515,196274.6701534384
