,mpc_x_0,mpc_x_1,u_0,ctg
0,-4.0,-1.0,-2.0,17.769071902827722
1,0.8496598895213762,0.11429871355938291,-0.05145806641931891,0.7690719028277213
2,-0.17993139975444009,-0.014111024352137359,0.007656201554527936,0.034085779044914284
3,0.03799215345779114,0.0008891162908134813,-0.0009452804999163506,0.0015113494190555484
4,-0.008006763633060496,0.0002472587697192583,5.9491077897809524e-05,6.715516691660726e-05
5,0.0017217652677784254,-0.00014591266009483016,1.5822831317428787e-05,2.9857661417040624e-06
