,mpc_x_0,mpc_x_1,u_0,ctg
0,-5.0,-3.0,-2.5,35.53180465168597
1,1.0834685152573278,0.5387712013608112,-0.19180988993775355,1.531804651685967
2,-0.23386160962786817,-0.09972962799373296,0.036083426648698826,0.0676262207162768
3,0.05029412459045265,0.018082698285691482,-0.006678771587340501,0.002988969558771034
4,-0.010789579615146113,-0.0031922776169165316,0.001208740535818862,0.00013248661315971055
5,0.0023607879401341962,0.0005546429539664562,-0.0002042840168485996,5.880948504667698e-06
