,mpc_x_0,mpc_x_1,u_0,ctg
0,1.0,-4.0,0.5,17.740254049088854
1,-0.1662945555849287,0.8249014109616274,-0.2619724944223918,0.7402540490888558
2,0.02569413953602583,-0.17344362075473202,0.05524302380887365,0.032137832065183135
3,-0.00345332243278063,0.03636444123727941,-0.011614476148494602,0.0013949536781750651
4,0.0003177420452800838,-0.007610025166215008,0.0024306153978917626,6.0655655850771994e-05
5,1.921822555004092e-05,0.0016253748714724777,-0.00048698969988328014,2.642212813007466e-06
