,mpc_x_0,mpc_x_1,u_0,ctg
0,0.0,9.0,0.0,81.01347360948702
1,-0.036883198226893635,-0.10790126578347986,0.4431086177189093,0.013473609487015367
2,0.0029494420378426774,0.019467682490924745,0.04889152927802225,0.00047055601789387465
3,-0.0004008822752204245,-0.005585399891722503,0.00258566882941056,8.286614799182316e-05
4,0.0004095601777590358,-0.005705217719386922,-0.0027439646518647525,5.1508749442783516e-05
5,0.000494701594673226,-0.004306596220938152,-0.00231854128092534,1.8791500677971e-05
