,mpc_x_0,mpc_x_1,u_0,ctg
0,3.0,-9.0,1.5,92.64178684812104
1,-0.5262283810465535,1.5000000036159842,-0.9028833356516306,2.6417868481210425
2,0.09378579892925586,-0.3179344572575664,0.10045342882426722,0.11487052825421287
3,-0.016146821224787358,0.06718938484573436,-0.021290068551334758,0.004992433061750743
4,0.0026427219743344397,-0.01417193668414959,0.00449095242256593,0.0002172997901373006
5,-0.0004059846578213506,0.0030507700309494435,-0.0009069072232136319,9.472021324125588e-06
