,mpc_x_0,mpc_x_1,u_0,ctg
0,8.0,-5.0,4.0,93.08450799423748
1,-1.6263141457444552,1.122399931257185,-0.33213306236530193,4.084507994237481
2,0.3293300195041635,-0.25191218463811116,0.07516354196937033,0.17982868790283058
3,-0.06641591269740986,0.056136177801142786,-0.01686848229732111,0.007910677387072051
4,0.013347945110644166,-0.012442846745638421,0.0037520672539571183,0.0003483334695205666
5,-0.0027317485500516774,0.0028069459502532436,-0.0007962572922007468,1.5341395708352527e-05
