,mpc_x_0,mpc_x_1,u_0,ctg
0,4.0,-8.0,2.0,82.93915022646735
1,-0.7490635384193557,1.4999999555231838,-0.6956913611571749,2.9391502264673424
2,0.1406384361229651,-0.3204677760344434,0.10045299084730569,0.12805417530846344
3,-0.025969894211963038,0.06824892873556752,-0.02145962032838715,0.005575410116887938
4,0.004698406096885517,-0.014504313809039061,0.004561756893816716,0.0002430584379548125
5,-0.000844939274940524,0.003145532809261934,-0.0009281771118427783,1.0608299032480292e-05
