,mpc_x_0,mpc_x_1,u_0,ctg
0,-1.0,0.0,-0.5,1.0499381545548265
1,0.2071142758534507,-0.06951676262845997,0.018722961878870292,0.049938154554826586
2,-0.04276596669635094,0.01681185452557336,-0.004655108564509636,0.0022092510061856576
3,0.008803309355842486,-0.003982692305210077,0.001125711365452098,9.768464612321864e-05
4,-0.0018081519814781447,0.0009293423730874363,-0.0002661912402056575,4.324552510575246e-06
5,0.0003787612349943142,-0.00021909268107743614,5.947152410222014e-05,1.9146167603611723e-07
