,mpc_x_0,mpc_x_1,u_0,ctg
0,-62.0,-18.0,-23.307562409540022,4354.187829496375
1,13.254620040704234,1.500000007029864,-2.4039530012371593,186.18782949637554
2,-2.80373312356079,-0.1612653243451706,0.10048032800922246,8.252877051847634
3,0.5913438403469187,0.0016636312909597273,-0.01080440713587374,0.3659511188595377
4,-0.1244874437499203,0.006383357235529913,0.00011216439364178351,0.016260813674223395
5,0.026740390560331378,-0.0028096771911326813,0.000408491256561099,0.0007229427732374308
