,mpc_x_0,mpc_x_1,u_0,ctg
0,-45.0,81.0,-18.07580152638929,9220.353007041638
1,8.234140734661839,-23.23650679245734,7.298553758040622,634.3530070416391
2,-1.4734767945886407,4.821242062683528,-1.5640994670185104,26.61668548750553
3,0.2549063681060315,-1.0430115377806182,0.3203007068054416,1.2011765963253926
4,-0.042239577981459886,0.20933845899908912,-0.07138483525448076,0.04832627188089512
5,0.006528854695307393,-0.05173851150832939,0.01205538530492556,0.0027194995167299707
