,mpc_x_0,mpc_x_1,u_0,ctg
0,84.0,80.0,39.896327526998626,14286.000300522444
1,-19.80855800519081,-20.764557423841932,2.0139853412423805,830.0003005224447
2,2.4797003042105787,0.07793999188979932,0.6996265375346149,6.454485269406617
3,-0.03590392701985442,0.0058354844886456154,0.34078849853930443,0.29949702836879827
4,0.07263228092005238,0.014295051614753257,0.9554213358803222,0.298173883514134
5,0.5402482668299841,0.028738423217262336,1.6068068483306353,0.29269408678181613
