,mpc_x_0,mpc_x_1,u_0,ctg
0,-66.0,26.0,-31.29337720075217,5228.944576411677
1,13.179699547162476,-4.486099323413632,11.33449016754598,196.9445764116773
2,-1.6060013190647784,-0.008676849614516185,-1.8698682696024338,3.1150091186702764
3,0.656858403934294,0.025264652166726183,2.3750240868281813,0.5356935941132356
4,-0.08724017712260243,0.13230358105209075,1.388078609519384,0.10359232864502192
5,-0.28001458260400347,-0.008311203916246807,-0.20037335251997968,0.07847724258143172
