,mpc_x_0,mpc_x_1,u_0,ctg
0,-75.0,76.0,-36.17712788164239,11541.942506287145
1,2.9804834624206404,-11.479154663323092,19.858160972048072,140.94250628714536
2,-0.5215527834305629,0.07410125586220587,-0.5474038007760328,0.2882328328901313
3,-0.01695345166759579,-0.0016889730594704356,0.240349535689141,0.010724530865607592
4,0.09852385232269838,-0.004152184606410119,-0.013812571302477874,0.010434258712166468
5,0.025966906861525845,-0.0059823362243126635,-0.08785086354243282,0.0007100685986558815
