,mpc_x_0,mpc_x_1,u_0,ctg
0,31.0,27.0,15.253000718507776,1806.1491461858898
1,-7.695418242603829,-7.152438776536462,6.115668388405117,116.1491461858897
2,0.9260431914951217,-0.7111923418810517,0.43952894745126025,5.77230380518751
3,0.9795212777085757,-1.2460784467627106,0.1757303396636328,4.4089532655227845
4,-0.7372545395188529,-0.33679475141785886,-3.155624618611607,1.896779836552374
5,1.0997481027541678,-0.1742383035305654,3.6191522377753067,1.239804875928601
