,mpc_x_0,mpc_x_1,u_0,ctg
0,-51.0,-86.0,-3.487312357484476,10145.19206571065
1,11.805669335590107,1.5000000141808318,-17.174229940233374,148.19206571064996
2,-2.4990811924337044,-0.17773788626839085,0.10047750023086677,6.5682372068149
3,0.527470848296113,0.008553163057795644,-0.011906894295649721,0.29123964422387855
4,-0.11112068015423084,0.004222125325820819,0.0005725604537564784,0.01294099182336424
5,0.023886157045110587,-0.0021934960165787025,0.00027018716549544555,0.0005753599231584327
