,mpc_x_0,mpc_x_1,u_0,ctg
0,4.0,25.0,1.9841034030681415,669.8181985134676
1,-0.6332086033990764,-3.3669784775270086,1.6786923508663947,28.81819851346752
2,-0.6545813183825313,-0.47651602207421506,-4.957198481522691,17.08070130991882
3,-2.2093658317931073,-1.7495922203456953,-1.9480495011265035,16.42515708824997
4,-0.7655126709618802,0.4641543808139254,8.255926075314948,8.482786772060942
5,-2.727328791257063,0.49296602094797604,1.2673856000269632,7.681337833428993
