,mpc_x_0,mpc_x_1,u_0,ctg
0,47.0,-22.0,11.986018611840713,2791.9099632951365
1,-9.606083235100604,1.5000000114601095,-4.117828749134598,98.90996329513654
2,2.002888231886276,-0.4211598192080865,0.10043570655904227,4.383128141075319
3,-0.4164071580555419,0.11036265849037345,-0.02819880792243908,0.19419127833139813
4,0.08640559466334484,-0.027715303930161833,0.007376025852319531,0.008616440662442259
5,-0.018292049371872916,0.006912071408176576,-0.001773590303855975,0.0003823758013747684
