,mpc_x_0,mpc_x_1,u_0,ctg
0,-39.0,11.0,-15.992470209165615,1721.777244513798
1,8.045568254047382,-3.4158456045205754,0.8456313181664444,79.77724451379807
2,-1.657664822381331,0.688327781257552,-0.22340025759062904,3.378074789340496
3,0.34008983784028546,-0.18564998970402088,0.04338699804709839,0.15642699152902143
4,-0.06981557295440655,0.03182099906521361,-0.014070256936148938,0.006299975049686712
5,0.014513374196674063,-0.014231894134430585,0.000694856889625518,0.0004131848412263242
