,mpc_x_0,mpc_x_1,u_0,ctg
0,-79.0,49.0,-37.21993567586126,9117.753012997066
1,15.89040107232522,-14.246692453736925,4.264597022233714,475.75301299706626
2,-3.1847442816621654,3.0362473558151493,-0.9559637826027331,20.279920886347096
3,0.6347941462980178,-0.6912558141265527,0.20069922417215016,0.9185267410727512
4,-0.1261577200497144,0.14043235923863762,-0.04786952447190117,0.03772853233475878
5,0.025397985100478526,-0.03803231307878572,0.0076455792302108,0.0020915144852869045
