,mpc_x_0,mpc_x_1,u_0,ctg
0,-71.0,21.0,-12.135824394778309,5747.341396812373
1,14.63505480261613,-6.301575895354534,1.6989220884857499,265.3413968123736
2,-3.0105321343099916,1.3653704197474783,-0.41864019889590376,11.446708971882872
3,0.6169424413494758,-0.3418201467647267,0.08875010075262511,0.5191688570483933
4,-0.12633169207686962,0.06748321260451477,-0.024509867444664143,0.0217098683758826
5,0.0262758511834131,-0.022489277757157686,0.0029771213006320263,0.001196187969451459
