,mpc_x_0,mpc_x_1,u_0,ctg
0,91.0,94.0,45.388947360795186,18391.636129643673
1,-0.35888290286381436,-34.92313145509666,27.84877162419413,1274.6361296436737
2,-1.752350313741761,-4.378390581265408,-6.652844440863377,54.88222207574412
3,0.2594454687995149,-2.311888479133837,3.4058319752511186,32.641186371559634
4,4.736227339189351,-0.37856117311370824,3.6372996799811994,27.229046080327265
5,-2.0316635231141844,-0.7254181131600328,-19.85624360068688,4.653888110053403
