,mpc_x_0,mpc_x_1,u_0,ctg
0,-15.0,-79.0,-1.1042543911143132,6486.368123320175
1,4.1493731688240745,1.5000000141220606,-15.937551205028617,20.368123320175275
2,-0.8892918427813711,-0.2647793561642984,0.10046255593767053,0.9008255836519519
3,0.1899641664966783,0.04495763990639956,-0.01773246675799253,0.03987749456368469
4,-0.04049032630372629,-0.007197884159474365,0.0030053060195787697,0.0017699206249534856
5,0.008804307064883521,0.001062422470247535,-0.0004606154892896517,7.864456439804477e-05
