,mpc_x_0,mpc_x_1,u_0,ctg
0,41.0,88.0,-89.4355040930476,10146.270603546845
1,-9.959487542119142,-24.324509426062278,7.9649145983865,721.2706035468453
2,2.364158546974365,4.8414852834917195,-1.637322176033158,30.397452626626425
3,-0.5522468139352293,-1.003601665009461,0.32165818699056437,1.3682272411275829
4,0.12721037819898928,0.19194820450899136,-0.06875118300942756,0.05603439561620865
5,-0.029769407977750847,-0.04606066031992384,0.010942439924826703,0.0030078020804531823
