,mpc_x_0,mpc_x_1,u_0,ctg
0,63.0,58.0,24.519060065157294,7783.819306395613
1,-14.107584522105656,-15.253291300888067,5.111103410888841,450.819306395613
2,3.1339025344263645,2.905990137334245,-1.023516392536011,19.132469837510374
3,-0.6923206473049599,-0.5924634048406907,0.1919181578566971,0.8663460639424795
4,0.1520567584290058,0.10487095275409927,-0.04121740704457831,0.03602529918229659
5,-0.03411697003600237,-0.027242559027550295,0.005373889689255408,0.0019061246668070457
