,mpc_x_0,mpc_x_1,u_0,ctg
0,-17.0,23.0,-8.346037919464779,823.3263509321644
1,0.4152982214118395,-0.8121696898089791,1.0574152018273948,5.326350932164412
2,0.925094558872322,-0.025147270636638706,1.6885227570361825,4.494258714412162
3,-0.979347674552674,0.0758043207357978,-1.2602680852974135,3.6378263863365135
4,-1.324542807384987,0.04385363187273954,-1.8391119937992433,2.6729582236425675
5,-0.9437560782745953,-0.16107730671510215,-2.1356094115217603,0.9166214340188351
