,mpc_x_0,mpc_x_1,u_0,ctg
0,45.0,80.0,-156.77430492564994,9045.498936207518
1,-10.672881735630343,-21.919155644416136,7.202325456161947,620.4989362075179
2,2.4870001940744344,4.3329527569479405,-1.474526644610089,26.1391475006263
3,-0.5723608446865183,-0.8964534709270703,0.28758584312891095,1.1794979413572688
4,0.13023848945665556,0.16941381964771562,-0.06158843147167718,0.048272179289812395
5,-0.030162079739475513,-0.041222831198521735,0.009500278536007118,0.0026090728662322964
