,mpc_x_0,mpc_x_1,u_0,ctg
0,23.0,20.0,11.20289171513855,973.7390224124861
1,-5.552972238151247,-3.3161372454140308,0.15806737264579443,44.73902241248608
2,0.8631337316035742,-0.630363927515987,0.07860882952884005,2.9067555043854605
3,-0.2076024475309808,-0.6817081242690387,-3.7378449618822187,1.764396984640169
4,0.5452708987788679,-0.39192417094054743,4.343173953354866,1.2565722417249043
5,0.40451142943472257,-0.8012601552298929,-0.9685050235213647,0.8056473329023546
