,mpc_x_0,mpc_x_1,u_0,ctg
0,-17.0,65.0,-8.437506347490318,4580.542316407468
1,-0.10293963120913098,-8.112616179868207,30.298631834647487,66.54231640746808
2,-0.47684944597887935,0.21412866523619864,-1.4304727565760103,0.7171785579351886
3,-0.4023067016003193,0.02742775333013321,-1.0928109849599073,0.44394207852898837
4,0.1731167345077964,0.0015607516790206184,0.37494682748232916,0.28133911472372136
5,-0.5011913131026321,-0.013211460242317065,-0.9827656841243451,0.2513672750112749
