,mpc_x_0,mpc_x_1,u_0,ctg
0,-16.0,10.0,-7.907455440006601,377.6407147033971
1,2.7136568761520072,-2.2770405946939936,-6.436892948376229,21.64071470339713
2,-1.0168127306992278,-0.17427574862886108,-0.5129305966032535,9.091867192025687
3,-0.9615510888860255,0.26860745291062615,-1.2848124239584793,8.027587026153515
4,0.09341965240250495,-0.7997971431336066,-0.6593769548760513,7.030856565856479
5,2.0007316238689805,1.5425715002836617,6.369799379580693,6.382453864236795
