,mpc_x_0,mpc_x_1,u_0,ctg
0,44.0,-36.0,6.921063297445139,3315.348315136372
1,-8.798019566414062,1.5000000130093543,-7.113478242634912,83.3483151363722
2,1.832987243213043,-0.4119732568708778,0.10043728374458827,3.693166806339443
3,-0.38078590177637056,0.106520443965549,-0.02758396323435335,0.16360260818089337
4,0.07895109946244376,-0.026510009146838005,0.007119268122185711,0.007258100206631972
5,-0.016700275122056636,0.006568434074074746,-0.0016964596689972836,0.00032204351533784997
