,mpc_x_0,mpc_x_1,u_0,ctg
0,-35.0,64.0,-16.51993700404454,5620.839407496338
1,2.058781078217128,-17.17381045547082,1.9399308900901366,299.8394074963382
2,0.21872702835324562,-0.01639678498586836,-2.5099505771465145,0.6610624078744042
3,-0.29317535439435516,0.027128031518692405,1.7239473351629877,0.6129520403842899
4,-0.011677645451570056,0.546432501387845,-2.605701871748455,0.526264321865955
5,-0.39868598460931126,0.26189494375758593,5.020228138154474,0.2275394758896851
