,mpc_x_0,mpc_x_1,u_0,ctg
0,-97.0,-25.0,-26.17489406682432,10484.819505566158
1,20.70225859967021,1.5000000132707343,-3.6746190018176854,450.81950556615755
2,-4.369650764553171,-0.07659600128079358,0.10049486525961246,19.985994398726206
3,0.9196524274936388,-0.033748711441052175,-0.005137599332434015,0.8862796471538844
4,-0.19319290332129685,0.017492136484253316,-0.0022542813350812244,0.03938008423501035
5,0.04141121376394776,-0.005976861811291758,0.001119377322546633,0.0017506115025146545
