,mpc_x_0,mpc_x_1,u_0,ctg
0,69.0,-26.0,14.572761226450378,5649.753639934181
1,-14.180020709162372,1.5000000122504318,-5.146744598946064,212.7536399341808
2,2.964590296557682,-0.4731591454824582,0.10042677876280405,9.430652585155773
3,-0.6180365655169353,0.13211100750737234,-0.031679055252180933,0.4179773817581186
4,0.12860077823386185,-0.034537716265441325,0.008829369073102042,0.018554867137536485
5,-0.02730207684275119,0.008857185242612343,-0.002210178123976219,0.0008238531303494407
