,mpc_x_0,mpc_x_1,u_0,ctg
0,41.0,6.0,17.700904729439156,1798.2861818239403
1,-8.70904196805258,-1.3718947374397719,0.401844610482578,81.2861818239404
2,1.8419930282874126,0.07142843996157873,-0.08497116327075907,3.5566746520242947
3,-0.3888367383074752,-0.01758634921106793,0.0020541368604627616,0.1586343137295166
4,0.08172130118461071,-0.011461752328412815,-0.0028361021401251594,0.007131024993346993
5,-0.01762827763512643,-0.0032443777865965836,-0.002075105567568546,0.00032128215960325996
