,mpc_x_0,mpc_x_1,u_0,ctg
0,33.0,80.0,13.965424079017126,8066.06302311986
1,-8.149814757529368,-22.05549197922536,7.202458954561654,577.0630231198602
2,1.9580456949728546,4.389911707481301,-1.4838058296742027,24.198816092142597
3,-0.46177965515071134,-0.9143105990701818,0.29140201433433716,1.0935483490594744
4,0.10716377144099004,0.17438971788939736,-0.06278204458066673,0.04434402757628987
5,-0.0252492234271542,-0.04255181168428875,0.009818721363617592,0.0024481799612895254
