,mpc_x_0,mpc_x_1,u_0,ctg
0,54.0,51.0,25.77471913531707,5806.160424251216
1,-8.775749746370444,-14.349490873078913,-7.094177257873851,289.160424251216
2,0.42285509056583814,-0.0006238377788356821,4.211068902949837,6.238752323720054
3,1.6978636802645604,-0.6931189388937151,-0.6004058749288809,6.059945506929036
4,0.0009644524029813227,-0.6875018229496095,11.437588998511306,2.6967905667143697
5,1.1982431223966952,-0.8878875489699776,14.626400044712636,2.224130879986896
