,mpc_x_0,mpc_x_1,u_0,ctg
0,86.0,86.0,32.819862683647926,15748.15928296187
1,-19.38911908045112,-23.222843164880768,7.773754602099553,956.1592829618695
2,4.334362204832736,4.505494158515069,-1.5625598644214516,40.920899585306394
3,-0.9627386403159193,-0.9113365767771415,0.2991470393800335,1.8347262502104902
4,0.21257442445558525,0.16806984269297862,-0.06258383084580252,0.07732620448126669
5,-0.047881308860423515,-0.03997782870058742,0.009414255180988242,0.003890846525800783
