,mpc_x_0,mpc_x_1,u_0,ctg
0,98.0,-100.0,5.492503400851895,19997.670813916742
1,-19.338272173597428,1.5000000143621637,-21.320435738070472,393.6708139167413
2,4.049148428742447,-0.531801311633632,0.10041671057708274,17.452043213522188
3,-0.8454238422990951,0.15663767708566165,-0.03560389922110859,0.7736275804795117
4,0.176186336347227,-0.04223168203591701,0.010468374820388074,0.03435074546895457
5,-0.03746312247800769,0.01105078459256915,-0.0027025394136336776,0.0015256053859135687
