,mpc_x_0,mpc_x_1,u_0,ctg
0,40.0,79.0,19.868495044343216,7932.85620939932
1,-1.942072778921784,-8.576386731382222,32.008346806834396,91.85620939931917
2,-1.396900210484051,0.024871949500096944,-2.380586219062714,14.530153354461156
3,-1.6234060345212227,0.049588994372545644,-0.9821190230967626,12.578204542538835
4,1.818697521164513,0.13466555250889486,0.6792009238067596,9.940298321256034
5,-2.5684173220908644,0.13317393257374596,-3.6546053836000034,6.614502836733563
