,mpc_x_0,mpc_x_1,u_0,ctg
0,-99.0,58.0,-45.222891777313535,13798.799364369732
1,19.133380483500932,-16.18208917010659,8.447934333047481,633.7993643697318
2,-1.8758757765396628,0.12376721111253347,-2.2395381103525893,5.8531057340364505
3,-0.22694879846090069,0.03012317965624616,-0.46376450057839086,2.318877482481594
4,0.3194702197183644,-0.04315813057327667,-1.8932698719159693,2.2664643194061447
5,-1.4682098768100678,-0.08306763221634628,-1.7189587962455102,2.1625404738846647
