,mpc_x_0,mpc_x_1,u_0,ctg
0,9.0,69.0,4.4977662295227,5091.272586544487
1,-2.033693711452694,-15.360596726538505,17.321580517230178,249.27258654448735
2,1.9605936672427962,-0.5610818080577322,2.173428205001401,9.188744637139713
3,1.079999175737645,-0.13391918757470012,1.7056898875411701,5.030004313773823
4,-1.4260084013368337,-0.04566025535557222,-2.5850616543242646,3.8456717453791627
5,-1.3453604665956878,-0.00959899464672254,-0.54278734046432,1.8100869257767944
