,mpc_x_0,mpc_x_1,u_0,ctg
0,-50.0,61.0,-20.78823639639449,6633.749745656054
1,9.60363481453955,-17.41424952570363,5.397321884434517,412.7497456560541
2,-1.827135051174053,3.6248480115607267,-1.170135955788244,17.26385746154882
3,0.34271653743174635,-0.7982359714904662,0.24014011425574305,0.785911859404258
4,-0.06347624867040175,0.1593798583793106,-0.05502150740281545,0.03127656819372401
5,0.011678578041687763,-0.04134012102513042,0.008858177752482708,0.0018453947914482216
