,mpc_x_0,mpc_x_1,u_0,ctg
0,-42.0,20.0,-20.636947336371286,2187.70621965942
1,3.6818488154695888,-3.0400367154682373,2.9942409198005198,23.706219659420054
2,-0.3604610665214167,-0.005448913602310696,-0.8512925077714423,0.9083857280503311
3,-0.40036250609161267,-0.026925449181053662,-0.7279303501130371,0.7784238569131285
4,0.5779409485667522,-0.003765294994996263,1.6449951809476104,0.6174087408155704
5,0.5323152121441386,-0.0043975287235658396,-1.357735627699252,0.2833788233389338
