,mpc_x_0,mpc_x_1,u_0,ctg
0,-48.0,19.0,-4.749560808208443,2797.646630910853
1,9.827823714358694,-5.518216128420213,1.5229871768571237,132.64663091085333
2,-2.008634597824916,1.1473635259061938,-0.3655980006767814,5.609802710385261
3,0.40872698395348406,-0.2850988109865047,0.0741435952629775,0.25874670222610585
4,-0.08314380083395737,0.05330442998322085,-0.020718226807095442,0.010407622788475533
5,0.01713668587720335,-0.0189658354065601,0.0020697709896582376,0.0006533689155226695
