,mpc_x_0,mpc_x_1,u_0,ctg
0,-61.0,-85.0,-4.236732410405398,11150.383465290093
1,13.895101226000698,1.5000000141642258,-16.882938457890084,204.38346529009354
2,-2.9383987332836883,-0.15398394322852324,0.10048157858207096,9.059627166794769
3,0.6195776854425018,-0.0013817549801694495,-0.010317073758205899,0.40172899625937913
4,-0.13039596817226815,0.007338688673064025,-9.134491987987582e-05,0.017850578714266156
5,0.028002050373762168,-0.0030820483623906383,0.00046962594624961587,0.0007936138472428287
