,mpc_x_0,mpc_x_1,u_0,ctg
0,-22.0,81.0,-9.69007896945079,7607.883772351067
1,3.398266773852949,-22.975171849568955,7.298313657302438,562.8837723510671
2,-0.459649149840166,4.712101133599777,-1.5462998140605502,23.477033767568432
3,0.04295906023026948,-1.0087916889107553,0.312988429080433,1.0618593333473427
4,0.001986990838144961,0.19980263628980885,-0.06909751097063851,0.04235318087606058
5,-0.0028872235753966418,-0.0491914953537473,0.011445165819775177,0.002428139275112068
