,mpc_x_0,mpc_x_1,u_0,ctg
0,54.0,73.0,25.934719579798237,8538.45858338202
1,-5.103594967841501,-16.043003123901794,18.3113700381454,293.45858338201947
2,-0.328582335117971,-0.6521963768820074,1.0943399241653355,10.03395255271968
3,1.2883485622464195,-0.16976045731200842,1.7896775509433132,9.500626087750083
4,-2.014818847096201,-0.07497970151631077,-4.283052978467247,7.811965457040884
5,1.9355981220996912,-0.017562019003903123,1.3366761021507048,3.7468485147873443
