,mpc_x_0,mpc_x_1,u_0,ctg
0,36.0,54.0,17.375693608778782,4352.5127546858375
1,-0.9149039916852474,-11.811926347740979,1.2014335901094533,140.5127546858373
2,-0.06512148781431891,0.023696161878868027,-0.20671276883303194,0.15410132737816115
3,0.14583840037888945,-0.009444977952118454,0.7989426981820128,0.14929901111522115
4,0.0917866163321305,-0.007560800781736298,0.2556900204571677,0.1279409644816319
5,0.3456155960501847,-0.002979194915508671,-0.42070446015039564,0.11945901583546906
