,mpc_x_0,mpc_x_1,u_0,ctg
0,50.0,37.0,-51.746173952538136,4087.3859956677807
1,-11.04550269111133,-9.336743486241698,3.13939413965572,218.38599566778055
2,2.423281125676965,1.7072760432453267,-0.6235297443477036,9.208087040556114
3,-0.5294497171207172,-0.35115822759360865,0.1116601791638883,0.4210041386544759
4,0.11507121224991508,0.05638174503625342,-0.0251354969930156,0.01737503488858377
5,-0.02559313483063316,-0.017313037749820483,0.0022666282060755617,0.0009547498265856773
