,mpc_x_0,mpc_x_1,u_0,ctg
0,59.0,35.0,28.019090171242524,4931.442968828597
1,-12.896065183655141,-7.050962247519186,7.251632643057965,225.44296882859703
2,1.535535659268869,-0.4878323242340178,1.2757407886764773,9.418402991573952
3,0.8940844492633475,1.2284612328707702,8.593333058000784,6.822552854120109
4,-1.7001766474684987,0.5068447745946938,4.164693185725819,4.514048851039193
5,1.168730038703483,-0.02503376799801095,1.6506399230342237,1.366556592908023
