,mpc_x_0,mpc_x_1,u_0,ctg
0,-66.0,40.0,79.54895887676939,6278.936353491506
1,13.297657021066115,-11.507348607809053,3.422374617223444,322.93635349150617
2,-2.670523256298409,2.4359373899159693,-0.7706709146785367,13.689599259952278
3,0.5334164970866152,-0.5605835179242553,0.16048052492949552,0.6241138299309938
4,-0.10628946469563733,0.11207524361629388,-0.039134258396909816,0.025326789998504996
5,0.02144521507516945,-0.03175818338551445,0.00583084863660009,0.001468479461568241
