,mpc_x_0,mpc_x_1,u_0,ctg
0,72.0,35.0,-99.49132536545923,6740.51161123802
1,-15.640354282180462,-8.521477105354302,2.9531995310192016,331.51161123801984
2,3.380168951991163,1.4851113686575295,-0.5683416862839886,14.275357108821558
3,-0.728154063285067,-0.29408211167121734,0.09677492646030819,0.6442591875006806
4,0.1562531577622509,0.04223730605624317,-0.021320342071371016,0.027566559217124784
5,-0.034300779591770504,-0.013819421223695977,0.0013613941507847455,0.0013675198835611587
