,mpc_x_0,mpc_x_1,u_0,ctg
0,94.0,44.0,30.45774528122742,11330.022973481515
1,-20.40532677171539,-10.838048630864245,3.7903276495406617,558.0229734815157
2,4.408208170653135,1.914208642023801,-0.7249048231260602,24.18231469605257
3,-0.9491393919532095,-0.3716293678139363,0.12552575626370793,1.0858206950409026
4,0.20363965930582315,0.055867498688300724,-0.026504513499037173,0.046846722661808414
5,-0.04466423438491361,-0.016172216197507125,0.0022337487400409025,0.0022564344099294115
