,mpc_x_0,mpc_x_1,u_0,ctg
0,-100.0,31.0,-44.21395166642091,11436.164692551865
1,20.125252534721447,-8.098771907056983,3.533393216345549,475.1646925518661
2,-1.6575272088682647,0.13720519940121378,1.3889086154899333,4.548796563018622
3,0.39692257331888336,0.028681682485996462,2.346397897626057,1.782574848137276
4,-0.39095420114707047,-0.00595928584502671,-0.017424537484667334,1.6242046800169643
5,1.2065102022038898,-0.1251283801244409,-2.8293037015199816,1.4713239795346376
