,mpc_x_0,mpc_x_1,u_0,ctg
0,64.0,-33.0,10.783593718986245,5365.289446498652
1,-13.040251913948465,1.50000001287758,-6.618076267715601,180.28944649865247
2,2.7249460054041763,-0.46020155562829407,0.1004290033443907,7.991276480783105
3,-0.5677930044108823,0.12669158753626097,-0.03081182059403486,0.3541602766122257
4,0.118086258983451,-0.03283765538310676,0.008467213878662899,0.015720622401831395
5,-0.025056889136720405,0.008372486897878931,-0.0021013858359756484,0.0006979462300650514
