,mpc_x_0,mpc_x_1,u_0,ctg
0,5.0,-74.0,0.39028549034683513,5503.366645571687
1,-0.11820660530171896,1.5000000140705565,-15.010955254480017,2.366645571686552
2,0.007996391574514594,-0.3132958200381415,0.10045422606584307,0.1026727279379259
3,0.001839692533132627,0.0652493064879929,-0.02097961063406008,0.004454514806341389
4,-0.0011213333902442386,-0.013563338216005942,0.0043613057804644225,0.00019365834056089275
5,0.0003977621075684341,0.0028772545477992683,-0.0008679610987041355,8.436808427048856e-06
