,mpc_x_0,mpc_x_1,u_0,ctg
0,-90.0,35.0,-40.75342734304053,9798.10484720985
1,18.776539015284158,-10.027930213649906,3.186507479932525,473.1048472098495
2,-3.9969729612585483,0.5610382165900447,-3.295441513017907,19.987045447528686
3,0.712057814282438,-0.014890839732616895,0.12242994387901768,3.696488714022218
4,-0.1412513858652519,-0.11804000845135175,0.8980707359531804,3.1892406460335923
5,-1.7090565794673518,0.48423223416961647,-2.5975223368439555,3.155355248429543
