,mpc_x_0,mpc_x_1,u_0,ctg
0,79.0,16.0,24.90164974547185,6804.873082961966
1,-16.8320589800189,-3.3232199513107425,1.24577361315459,307.87308296196665
2,3.5719797730763077,0.3867455788564237,-0.21683687432149443,13.511082610341989
3,-0.7561395924998421,-0.06349517276034011,0.023181860650893997,0.6024709683107287
4,0.1595493802636521,-0.006084816983167515,-0.005905478409082637,0.026692248001036
5,-0.03445397687883152,-0.003484499682141314,-0.0017309816691961758,0.0011992182608018998
