,mpc_x_0,mpc_x_1,u_0,ctg
0,12.0,29.0,1.0682403521642385,1052.882036585747
1,-2.9339443490248187,-7.525878657613007,2.406748346961429,67.8820365857471
2,0.697308805705194,1.4215412424779221,-0.5011963727016888,2.6351575734574704
3,-0.16332375433925964,-0.3113565148798213,0.09251474148550888,0.12813849887779186
4,0.037559553414725076,0.05226216396703356,-0.022474322443133785,0.004520970788212643
5,-0.008850090514037593,-0.01733761375954885,0.0020030010134388185,0.0003789169529819558
