,mpc_x_0,mpc_x_1,u_0,ctg
0,59.0,57.0,24.352512192170355,7148.500025395373
1,-13.250828952844698,-15.00666099065408,5.016464339118864,418.5000253953728
2,2.9510052126075226,2.864253992799955,-1.0068907853150093,17.715683369406555
3,-0.6534170189485197,-0.5857576341990471,0.18918039844173826,0.8033006692993044
4,0.14380391130495915,0.10381024132351402,-0.04081856471611901,0.03323486262526957
5,-0.03232831990594791,-0.027085258851956572,0.005301882562375698,0.0017787315150187995
