,mpc_x_0,mpc_x_1,u_0,ctg
0,70.0,-61.0,6.440329925233233,8826.885207099738
1,-13.94665130289973,1.500000013916113,-12.700208625829918,205.88520709973884
2,2.9155227609292953,-0.47050605936451434,0.10042723437947189,9.126124493315782
3,-0.6077491194302833,0.1310013730015083,-0.03150148764454478,0.4044755719202777
4,0.12644791431408886,-0.034189626196563475,0.008755217247002662,0.017955220023712644
5,-0.026842371221542448,0.008757942513721842,-0.002187902735683744,0.0007972144498687467
