,mpc_x_0,mpc_x_1,u_0,ctg
0,-39.0,79.0,-19.180993241972416,8027.615855583821
1,3.42505259697857,-15.926702243664545,9.97224873088117,265.6158555838207
2,0.09069327944427402,0.4345102113473609,0.4617338243191166,0.22502593340174012
3,0.09857912860898903,0.04871929664652427,0.05943608876240392,0.02800153870025473
4,-0.10259833046119754,0.03490463847556277,0.45560380841045744,0.0159101242372151
5,-0.0632579778591789,0.012798487170283084,0.42584671185375356,0.004165373036680269
