,mpc_x_0,mpc_x_1,u_0,ctg
0,-42.0,26.0,-20.369701798634804,2515.5372271152196
1,5.865042621533963,-5.955833112247381,5.439186754843857,75.53722711521938
2,0.33511138820059616,0.13724729916115833,-1.6711125884142937,5.66655410186708
3,0.5656419307969892,-0.2577492964339554,-4.509559793518794,5.535417638238316
4,0.44236029946608957,-0.6589149586596329,-4.888486387412038,5.149032144550371
5,2.085202171257429,-0.41365745761985434,2.042102684838335,4.519180587261217
