,mpc_x_0,mpc_x_1,u_0,ctg
0,17.0,-28.0,3.5287269997568633,1086.2265615188473
1,-3.2237241430243366,1.5000000121621353,-5.184327203691125,13.226561518847408
2,0.6609529842561137,-0.3486012473495024,0.10044816430108479,0.5841641320430068
3,-0.13505847555027295,0.0800155508981475,-0.023342557003467355,0.02578245499231534
4,0.027527480323126918,-0.018195478714421707,0.005348066715833067,0.0011391747888176338
5,-0.005719680139446839,0.004197907732780474,-0.001164386471816169,5.033717023052071e-05
