,mpc_x_0,mpc_x_1,u_0,ctg
0,-38.0,14.0,-14.08229288978791,1721.2807815314477
1,7.794901591826059,-4.136761540705636,1.0956303209721212,81.28078153144779
2,-1.596811198137302,0.8359794662221751,-0.2721513957780979,3.407494660534096
3,0.3256346435403434,-0.21566328009468597,0.053280081679678626,0.15882699009229698
4,-0.06643531266642717,0.03790448561727045,-0.016076638996235657,0.006278418637451511
5,0.013715198285798154,-0.015489066286802095,0.0010841887818404277,0.00042801783845570986
