,mpc_x_0,mpc_x_1,u_0,ctg
0,-34.0,-68.0,-2.9412191921686865,5849.387662226348
1,8.003962969315491,1.5000000139449567,-13.422164798775318,69.38766222634791
2,-1.6997460719453126,-0.22095801551240538,0.10047007968253362,3.0742389703393953
3,0.3598831175031017,0.026629675289650552,-0.014799561377840878,0.13627981662669503
4,-0.07604943159741236,-0.001448439369915518,0.0017805315272383202,0.006054818756911497
5,0.01639731859931283,-0.0005767813851920034,-9.269026810422809e-05,0.00026920473401367443
