,mpc_x_0,mpc_x_1,u_0,ctg
0,-80.0,9.0,-32.6876831891681,6784.464926787777
1,16.69234992245835,-3.396913439090709,0.6889588215209338,303.46492678777634
2,-3.475925480534305,0.7824620641637644,-0.22222424476696626,13.291359941305952
3,0.7213497338072072,-0.22589216326641884,0.049693679961296255,0.5970551132228937
4,-0.14961210277868173,0.04453725046448961,-0.016759976966351058,0.025682405333982635
5,0.031554641228411985,-0.017870701556831348,0.0015086660756316202,0.0013150573571871318
