,mpc_x_0,mpc_x_1,u_0,ctg
0,-10.0,48.0,-4.933643440698911,2491.841696755592
1,-0.5228245204423932,-8.799961780671072,19.974455255627742,87.84169675559168
2,0.27751367747557437,-1.3127604368406633,5.4408401094068894,10.129023935144273
3,-0.9289596021732711,-1.6083185804404734,-14.097464840772309,8.328670129424166
4,0.6141267223113457,-1.0828554866238487,-16.23460871809972,4.8790155307641845
5,1.7009394103211875,-0.6603733922654262,-14.434335342327973,3.3292878947959355
