,mpc_x_0,mpc_x_1,u_0,ctg
0,39.0,67.0,214.31351342763315,6442.700828585586
1,-9.20429655355882,-18.162333564767764,5.965343479843607,432.70082858558607
2,2.135822250082566,3.567477336017025,-1.2203895376704084,18.111393021841593
3,-0.48991560648762245,-0.7412613957941192,0.23629747115412286,0.8227617948987103
4,0.11113898476035712,0.1380436509300679,-0.051213750817929414,0.033276036523929485
5,-0.02568680018752867,-0.034760628941233655,0.007492714271602722,0.0018681130282641536
