,mpc_x_0,mpc_x_1,u_0,ctg
0,-20.0,2.0,-8.514800821663675,422.92032699079465
1,4.176749555410783,-0.8029293085343926,0.13782424113087918,18.92032699079465
2,-0.8701690946754154,0.18977576037931362,-0.0518709732312584,0.830394667666955
3,0.1806892719011797,-0.05410023199682807,0.012162333952273232,0.03718557511117636
4,-0.0374878390852604,0.011178402154268767,-0.003947815484244872,0.0016101270288872928
5,0.007914267854685379,-0.00414688307125346,0.00044707061107351285,7.983227488235484e-05
