,mpc_x_0,mpc_x_1,u_0,ctg
0,-83.0,3.0,-27.177295082856844,21417.24753613845
1,-2.5794239789907754,-42.13474123900946,40.964844638084294,14519.247536138448
2,-7.654900289175358,-35.292010618983255,118.48470041797005,12737.257688796772
3,61.4309052283974,-1.4589217263340672,-190.06942743793905,11433.134176829128
4,-39.419074888812965,2.172236222469369,-26.858023255798226,7657.249607045215
5,-75.49380246319632,-19.983826495370092,312.1082861790802,6098.667531749163
