,mpc_x_0,mpc_x_1,u_0,ctg
0,36.0,51.0,8.78421289574585,4159.949114176969
1,-8.320285836232628,-13.520565172335886,4.4501523667323175,262.94911417696835
2,1.897542234691467,2.6104684782596874,-0.9064762425794887,10.916275200972937
3,-0.4290564719859261,-0.5449558492560997,0.1721758971500676,0.5010629925476021
4,0.09612041240785127,0.09786927895946027,-0.03809070866570052,0.019996658756155458
5,-0.021989107289180607,-0.026374390443767687,0.004921682706952352,0.0011791293106554
