,mpc_x_0,mpc_x_1,u_0,ctg
0,25.0,90.0,12.352368147044269,8979.823942686233
1,-0.8918583315435162,-15.503615085863304,20.28996599614768,254.82394268623293
2,-1.5575120420888846,-0.13777010126153613,-3.136729508939151,13.66645067208111
3,1.3291580077523346,-0.03307732954025068,1.497934461491882,11.22162631002761
4,-2.6542490907337015,-0.02686068518995245,-3.441497327129543,9.45387119072594
5,1.5518055329249039,0.003323648603604892,2.0760782505464985,2.4081114586563848
