,mpc_x_0,mpc_x_1,u_0,ctg
0,-71.0,-37.0,-11.950934576742405,6660.156361921724
1,15.388868589876699,1.500000012634484,-6.458588544390891,250.15636192172366
2,-3.252473677704636,-0.13700187944421144,0.10048449416313486,11.089085407326536
3,0.685426296219567,-0.00848438252937639,-0.009180486299983342,0.49173086819376777
4,-0.1441761714395065,0.009566768314510928,-0.0005659812053878624,0.021849675897589394
5,0.03094456654451401,-0.003717288262165994,0.0006122078346253784,0.0009713844306518929
