,mpc_x_0,mpc_x_1,u_0,ctg
0,23.0,65.0,-1.1020237845699639,5118.155606549576
1,-5.808491195614625,-17.757180244059057,5.775500089677369,364.1556065495765
2,1.4172596473903865,3.521607878770392,-1.1930464102271454,15.099586360042634
3,-0.3383040389651403,-0.7398970677971565,0.23322060199388875,0.6892394001038128
4,0.07920817653976786,0.13949065963617396,-0.051119940012146266,0.02734210638885568
5,-0.018825135841632163,-0.035442083642328544,0.007585514867251777,0.0016105270323657165
