,mpc_x_0,mpc_x_1,u_0,ctg
0,-13.0,38.0,-6.472307319873452,1656.6483660324934
1,0.02864201838268708,-6.445575348777992,0.5856749794906015,43.648366032493456
2,-0.9474495634435578,-1.0185259090314775,-1.8171039812868146,2.1021040905018893
3,-0.22115863812778772,-0.24281711709562154,-0.8149285097664886,0.1670483878641033
4,-0.11212134845291792,-0.06568502147300334,-0.34173667738971986,0.05917709229093677
5,0.20339127653667996,-0.030386873727104604,-0.1881321746116422,0.04229137346612722
