,mpc_x_0,mpc_x_1,u_0,ctg
0,-2.0,-69.0,-0.16807351530635714,4769.0930607619775
1,1.2898987506559032,1.5000000139902623,-13.879984168807145,4.093060761977107
2,-0.2880675218444805,-0.29728761551070876,0.10045697435792189,0.17922193306265985
3,0.0639121301974006,0.05855398861895237,-0.01990820229890682,0.007859109584996598
4,-0.014111293223414647,-0.011463030791632325,0.003913888133910657,0.00034577961543870976
5,0.0031715359167752122,0.002278443328287016,-0.0007335557641314029,1.52499440716108e-05
