,mpc_x_0,mpc_x_1,u_0,ctg
0,32.0,-74.0,2.471038086208983,6537.478611792486
1,-5.793891735405721,1.500000014089539,-15.215330389497797,37.47861179248575
2,1.2013485393241297,-0.3778204891114642,0.10044314772387172,1.6594303086144206
3,-0.24835721906402447,0.09223629124340023,-0.025298162879992744,0.07344367368577488
4,0.05123761933979987,-0.02202909980771538,0.006164723194567989,0.0032548320022217003
5,-0.010782556652661953,0.005290897873264696,-0.001409712053805939,0.00014425712827318142
