,mpc_x_0,mpc_x_1,u_0,ctg
0,-72.0,25.0,-33.767341051878866,6089.6000986948375
1,15.350965034523208,-6.43204340135997,7.1632158184770685,280.60009869483747
2,-1.6051719347676716,-0.06882644243278657,3.498696960678085,3.5767888867050077
3,-0.7760857848666711,-0.3263187639758228,-2.8590009236018057,0.9954748673612637
4,0.30663654446268307,0.1756473601771778,6.366944654159295,0.2866817861664381
5,-0.21760194797822957,-0.3383093449275259,-4.31252580166196,0.16180382062921184
