,mpc_x_0,mpc_x_1,u_0,ctg
0,-73.0,6.0,-20.90071515253863,5615.706705759706
1,15.259505680373392,-2.619438473277071,0.44327213513570857,250.70670575970567
2,-3.183448803827624,0.603884900242851,-0.16962395725504203,10.992734235073726
3,0.6618590831671461,-0.1854322378645764,0.03772866960609404,0.4937109757408778
4,-0.13754545821559871,0.035437250934859166,-0.014055309437246439,0.021268414930557724
5,0.029060372647969405,-0.015791068442625702,0.0009262968397200772,0.0010938631009985377
