,mpc_x_0,mpc_x_1,u_0,ctg
0,-99.0,-2.0,-49.5,10259.856532502929
1,20.835805392690226,-0.7477697268680813,-0.12182747719804299,454.8565325029279
2,-4.372468918401527,0.3923863678598537,-0.05003719776679617,20.16658657644842
3,0.914974195807733,-0.13131840337081319,0.0262674572985175,0.8941350723787508
4,-0.1911104713594133,0.037751962136574745,-0.008775905802412881,0.03971277032088352
5,0.040729300933684334,-0.010269929793255297,0.0024158678483853237,0.0017643474125050124
