,mpc_x_0,mpc_x_1,u_0,ctg
0,-31.0,22.0,-2.6090610493333837,1524.1588689050698
1,6.210442345881426,-6.114016366804239,1.7832345180057056,79.15886890506984
2,-1.241325659209889,1.2306610303598005,-0.40584106366060785,3.2080786400025367
3,0.246450784733503,-0.29369987575133616,0.07972504585491083,0.15266267614342618
4,-0.04888989795251506,0.053247572129172305,-0.021293502007449224,0.005665069831316458
5,0.009759216999678135,-0.01855536190460613,0.002066126268121743,0.0004395437718577151
