,mpc_x_0,mpc_x_1,u_0,ctg
0,91.0,20.0,35.679060604019554,9088.271872808498
1,-18.580554964150966,-4.285532890322872,-1.8122450577548073,407.2718728084982
2,0.5677522950009039,-5.356158666837146,-14.131392656250103,43.66905787862399
3,-1.8173479871784282,-1.9126965147614234,-1.6069063919642312,14.658279545810515
4,2.7126880016685564,-0.25545408700383765,-9.077757711007258,7.697117881728533
5,-0.056557048381391334,-0.5196019601997359,-5.241185276566496,0.273184896765023
