,mpc_x_0,mpc_x_1,u_0,ctg
0,89.0,34.0,39.35469555023657,9484.863121225906
1,-19.631513285751932,-4.108329094465506,11.526279857751463,407.863121225906
2,2.066698808615425,-0.07864370722328289,-0.2018842817697845,5.588439388819628
3,-0.6340343181207649,-0.009259731565926311,0.01635607822989136,1.3110105906013898
4,0.8522576728400973,-0.028047064851363466,1.2845091718695292,0.9089253314178534
5,0.423169532539703,0.052183324792385494,0.6141919248899675,0.18179555265625838
