,mpc_x_0,mpc_x_1,u_0,ctg
0,-18.0,55.0,-8.01714220990258,27209.049333850926
1,-16.589314776789347,-136.22119906670224,-247.54618653337835,23860.049333850926
2,57.705676118558216,15.366512945825022,-80.48454476257648,5028.628893917403
3,-36.18167044325067,9.006850765401156,-9.250933238422178,1462.5541175032547
4,7.722680167795328,-3.5200465686624915,3.190652482145515,72.31748072904828
5,-0.38064991249448193,-0.37692115031444373,-3.9729667926746823,0.28696390943642025
