,mpc_x_0,mpc_x_1,u_0,ctg
0,-46.0,50.0,-22.170752144675422,4849.674324564401
1,6.582707915459709,-12.378329155283845,7.633308717798462,233.6743245644015
2,-0.6850501682750385,-0.6058537769320431,3.2265610962936586,37.11924838759551
3,1.673573404773368,-0.08646033584638668,-0.3329338861534923,36.28289585551903
4,-4.715526926272356,1.9525201461194994,5.257178791618854,33.47457252467964
5,-2.606350152624485,-0.7956018433813725,-2.2568193977412885,7.426043411277514
