,mpc_x_0,mpc_x_1,u_0,ctg
0,46.0,-8.0,23.0,2278.3458590945975
1,-9.57798213547621,1.5000000079711227,-1.0123313119862325,98.3458590945977
2,1.9969797809516707,-0.4208403456692552,0.10043576103817912,4.358117283182909
3,-0.4151683986847896,0.11022904191683712,-0.028177425927912288,0.19308244111010808
4,0.0861463582846361,-0.027673388532754885,0.007367096895996698,0.008567200161711823
5,-0.018236694075888658,0.006900121180426583,-0.001770907981443631,0.00038018868312212397
