,mpc_x_0,mpc_x_1,u_0,ctg
0,95.0,-75.0,7.063611945143886,15031.074522568078
1,-19.024483325681576,1.5000000141428342,-15.907802692471128,381.07452256807886
2,3.9831721479937037,-0.5282339675374086,0.10041732304564474,16.893556716514084
3,-0.8315913271337971,0.15514566075288527,-0.035365141516859634,0.7488652315009973
4,0.1732915923513077,-0.04176363958317478,0.010368670156796857,0.0332509200863978
5,-0.03684500162351003,0.01091734266551252,-0.0026725878914846775,0.0014767425155126769
