,mpc_x_0,mpc_x_1,u_0,ctg
0,61.0,63.0,29.334260943114913,7697.308633696055
1,-1.4128156687630686,-2.0780293433421786,-0.39001097941100243,7.308633696055214
2,-0.41548683124512814,-0.20507921845257548,-0.9972078795764692,0.9943796303616513
3,0.5159760365572688,-0.04154634526049698,0.717978743260491,0.7796928375824146
4,0.712555651088769,-0.009218824348461548,0.46060706532682816,0.5117354684765621
5,0.06255524402390744,-0.0013293986476007609,0.13121049492649933,0.0039149258556548504
