,mpc_x_0,mpc_x_1,u_0,ctg
0,-57.0,39.0,-26.310049560139078,4974.666432830471
1,11.912654938588197,-7.5207288239435215,12.18546086584719,204.6664328304717
2,-0.15271585397088688,-0.04290829206064077,-1.5892779410013074,6.19372310130703
3,-1.3785654281347077,-0.03799117978723851,-1.8695719671992317,6.168559847725411
4,0.6195407081525575,0.00017628509016107098,1.5405856428784173,4.2666738783355544
5,1.969141380037807,0.07297522609591174,2.0129496253938868,3.8828431582009486
