,mpc_x_0,mpc_x_1,u_0,ctg
0,-71.0,80.0,-28.311201306688545,12201.312203513351
1,13.716680500677432,-23.23727274152319,7.203558831898482,760.3122035133508
2,-2.62622805016575,4.883474974880808,-1.5642661298441043,32.194035091749726
3,0.4965915762353172,-1.069055986951513,0.32446986619177903,1.4486334899852222
4,-0.0928176061971739,0.21751020292820814,-0.07312556065052624,0.05914959316047153
5,0.017329428691989054,-0.054069285769620355,0.012578336292941148,0.0032237967624276034
