,mpc_x_0,mpc_x_1,u_0,ctg
0,97.0,-28.0,18.549958886887673,10615.609514079102
1,-20.040568972966103,1.5000000126125879,-5.789883159738878,422.6095140791026
2,4.196811199809128,-0.5397854519379564,0.10041533965213403,18.735109281053205
3,-0.8763826580640639,0.1599769871624596,-0.0361382673560372,0.8305167000860109
4,0.18266511804425034,-0.04327921674443457,0.01069152572073208,0.0368775003089992
5,-0.038846550541151416,0.011349443507120255,-0.002769574484551527,0.0016378643568675454
