,mpc_x_0,mpc_x_1,u_0,ctg
0,-25.0,-97.0,-1.4984016377001688,10080.285219751582
1,6.479605612433443,1.5000000142946643,-19.742602492477715,46.28521975158136
2,-1.3792393694297096,-0.2382878454908999,0.10046710414531577,2.049930816018395
3,0.2926860313492925,0.03387775365101796,-0.015959424367860072,0.09084848052483675
4,-0.061987031576116,-0.003722146650822792,0.0022648876158172003,0.0040356653853986565
5,0.013394544356663887,7.146724694916004e-05,-0.0002381920178661357,0.0001794189260900229
