,mpc_x_0,mpc_x_1,u_0,ctg
0,-63.0,47.0,-30.54561134188243,6534.496743884516
1,15.367580336113939,-10.157160297021441,14.466365203233984,356.4967438845165
2,-1.4875012022045824,0.12513051305087677,-1.8957219608809286,17.16631319821198
3,-0.9437900350529621,0.23245463338318148,-1.7825509908233972,14.93799572635553
4,1.415624260456709,0.019648528115837127,1.4834478655031116,13.993220939508948
5,-3.4493649435239315,0.3012047716195227,15.184363582626872,11.988842828058225
