,mpc_x_0,mpc_x_1,u_0,ctg
0,38.0,-36.0,6.00644213431935,2801.7900251724172
1,-7.536756204173153,1.5000000129894104,-7.068061545957535,61.790025172417145
2,1.567797877047897,-0.3976344415162585,0.10043974559749487,2.7373310523064096
3,-0.32518658808882,0.1005233362407447,-0.026624284957184514,0.12122771995057013
4,0.06731577663383152,-0.024628728792774588,0.006718508696742494,0.005376461748752436
5,-0.014215759842092399,0.0060320688905587646,-0.001576070567838443,0.00023847368298849373
