,mpc_x_0,mpc_x_1,u_0,ctg
0,0.0,7.0,0.0,53.29379342331834
1,-0.10173999226530998,-2.04404644985934,0.5039275042867835,4.293793423318344
2,0.039853373146503175,0.3094642415424607,-0.13052847396964548,0.10531650810962769
3,-0.012582943588180179,-0.0875697363502701,0.01800263329292764,0.007960099965022801
4,0.003313090995996982,0.007389252105467546,-0.007514039817045384,0.00013331077122366036
5,-0.0009567148106303514,-0.008174218578486145,-0.0008687012992697423,6.773315259774752e-05
