,mpc_x_0,mpc_x_1,u_0,ctg
0,-89.0,3.0,-40.912265530441815,141111.3423827443
1,-12.710446926971725,-101.8753988008563,-28.510813182421362,133181.3423827443
2,45.09870463638681,-56.418880452094996,-71.38969767570669,122641.19004082744
3,6.0048876759672565,-158.56426885445057,21.035489848680218,117424.2068094796
4,46.50268060075873,-223.15997825651084,27.47071884782353,92245.52077613212
5,7.045827245613803,-200.5816589223813,476.9981810634149,40282.64557762954
