,mpc_x_0,mpc_x_1,u_0,ctg
0,-28.0,72.0,-10.609432093920917,6425.982454294913
1,4.8032232860424,-20.392891492349545,6.441592316812761,457.9824542949127
2,-0.784196147921848,4.190621384880696,-1.3715679128167462,19.041476940590286
3,0.11706174517274581,-0.9040365017954793,0.27804823506364584,0.8652057507554152
4,-0.01478905653090493,0.17883753958106846,-0.06209451492131424,0.03422030199391856
5,0.0009674770286324268,-0.044919753178675206,0.010103398464799119,0.002018720237434033
