,mpc_x_0,mpc_x_1,u_0,ctg
0,32.0,39.0,13.10035043294335,2623.4185292199563
1,-5.222547806057638,-7.104987530676509,4.618744273018782,78.41852921995618
2,0.5411778347715375,0.04579539604080849,0.022540910740808443,0.662675822330046
3,-0.18094383722573032,0.00868307212488602,-0.41130458170213346,0.36770515518350194
4,-0.3540771240121325,0.009876948884160549,-0.34110420421081317,0.3348890872120044
5,-0.45723817969341674,-0.018819414833936808,-0.3119362963441536,0.20942092334404105
