,mpc_x_0,mpc_x_1,u_0,ctg
0,-86.0,50.0,-40.35141936642681,10193.198507578227
1,0.7294965804724387,-9.634795011505721,9.547504035720962,297.198507578226
2,2.9995496986106667,-5.793884235812143,-14.764015675051064,203.8370674035695
3,-5.347580307381458,-7.891330648951526,-7.6405497913634335,161.27067447114172
4,6.325596453250342,-0.5564934872286904,-22.501108394227803,70.40095991616603
5,-5.042762347120524,-2.156073360516352,-12.361133011224746,30.078104425464772
