,mpc_x_0,mpc_x_1,u_0,ctg
0,-42.0,77.0,-9.806481043487663,8260.589887721713
1,7.667167182215787,-22.023674898461042,6.917565953935654,567.5898877217132
2,-1.367952709700657,4.562475758183213,-1.4819919410771816,23.762179088563467
3,0.23562677631696086,-0.9880004898236067,0.3029629698734078,1.0746994285766127
4,-0.03880044611719398,0.19766681043139003,-0.06770736611473542,0.04303448296740308
5,0.00592253284755728,-0.04921142151025842,0.011308394269544695,0.0024568404023907198
