,mpc_x_0,mpc_x_1,u_0,ctg
0,-97.0,85.0,46.84522981819216,17668.484972169383
1,19.103599814674094,-25.00708907912701,7.680205795610681,1034.4849721693827
2,-3.7388840133169507,5.312607023709352,-1.6842352669564933,44.18294207877337
3,0.7257226282278028,-1.1709428646989233,0.353222118793696,1.9798950253703673
4,-0.1398997555764535,0.24132909754952944,-0.07993643730359777,0.08211449985917676
5,0.02719583565303042,-0.059692641488615604,0.014102642752305028,0.004302824924755033
