,mpc_x_0,mpc_x_1,u_0,ctg
0,5.0,74.0,-18.892759624988013,5939.593546077399
1,-1.1346631452885405,-20.65900635384852,2.282791631530536,438.5935460773989
2,0.29198816868692506,3.0878551242560057,-2.0108011215175963,10.511542095769345
3,-0.22681985607401073,-0.6194949977398191,0.21855743521270107,0.8914357367221276
4,-0.022174520015540995,0.10848312145926431,-0.11697052221893037,0.45621443738803424
5,-0.024537992996608107,0.6658468497396887,0.7960586258354082,0.4439541404085691
