,mpc_x_0,mpc_x_1,u_0,ctg
0,18.0,79.0,-76.89670833618703,66540.54627692625
1,92.4370984312875,-118.57675302113914,185.12057070754307,59975.54627692625
2,-107.86174669069622,-157.44430385411945,-224.70222078097538,37370.482753494485
3,1.12571019264097,2.1745484878718067,67.53900687038504,947.6175382182801
4,29.82996988210273,1.3558445342551615,-9.288872679492531,941.6216536543587
5,1.11552187428789,6.979387296469397,8.28415414511718,49.95623608613316
