,mpc_x_0,mpc_x_1,u_0,ctg
0,35.0,-43.0,4.643813390997313,3124.9853401710975
1,-6.81740852970332,1.5000000133511309,-8.554532113031888,50.98534017109755
2,1.4165500412849648,-0.3894564561317996,0.10044114971029634,2.258281070172575
3,-0.2934761315648294,0.09710295189526573,-0.026076943023004413,0.09999071948539918
4,0.060679698339057085,-0.023555761258981116,0.006489939971926812,0.004433496420367857
5,-0.01279874390126436,0.005726158914021061,-0.0015074079697084098,0.0001965967413587745
