,mpc_x_0,mpc_x_1,u_0,ctg
0,-42.0,-76.0,-3.250875884260403,7642.582097570326
1,9.787037158937832,1.5000000140643344,-15.086385106338914,102.58209757032667
2,-2.0746497822491916,-0.20068693471586269,0.10047356006420344,4.54600117770376
3,0.43848502109190624,0.01815143965292324,-0.013442844283971533,0.20155421295149242
4,-0.092498528943401,0.0012111657058238561,0.001213969611289435,0.008955624468049268
5,0.01990972941080813,-0.0013350519755843317,7.750630243786516e-05,0.00039817968898910993
