,mpc_x_0,mpc_x_1,u_0,ctg
0,-48.0,96.0,-23.58486676205532,12275.104768525805
1,7.370360366250803,-26.145927231007402,17.17077775259171,755.1047685258047
2,-2.45498895381118,-0.27790997669552736,-3.5105075105269283,17.173045828269693
3,1.619604248487746,-0.10588588764698952,1.7441554591278219,11.068841109787874
4,0.5114239255095269,0.0021743182033483804,1.0509891539970706,8.434511366865527
5,2.8575183719730015,-0.0868387094507486,3.7784608560261197,8.172952207622304
