,mpc_x_0,mpc_x_1,u_0,ctg
0,-88.0,73.0,-32.935830798377516,13866.290851373024
1,17.402611772544493,-21.36884520543743,6.53744146933913,793.2908513730242
2,-3.4223006716090243,4.536470400174226,-1.4378749439824232,33.81240945317379
3,0.6678793937885352,-1.0059432466374567,0.3012198060104584,1.5207038746213097
4,-0.1295811121277861,0.20632063872454595,-0.06890628780702743,0.06271917451846151
5,0.02537648754047802,-0.052112741384338884,0.011862240801776811,0.0033597039344830226
