,mpc_x_0,mpc_x_1,u_0,ctg
0,-100.0,35.0,-47.626346870060594,11713.998099599024
1,20.203108382075317,-8.595684033009995,1.297234884834772,488.9980995990237
2,-2.0892254446889744,-0.01593748681315269,-2.338230776085687,6.946727305798788
3,-0.20547919031366466,-0.017851937777580547,-0.9962168935577835,2.5816103435770263
4,1.3501906183036194,-0.16749278293179706,-0.7058957867354947,2.5390699542426525
5,0.827118212750891,-0.06226458294308445,-1.307075880686064,0.6880014161533045
