,mpc_x_0,mpc_x_1,u_0,ctg
0,36.0,6.0,6.438009916687733,1395.4364680970052
1,-7.657776222962779,-1.4257790202980647,0.40436006927536716,63.436468097005246
2,1.6215706522633666,0.09461109389926063,-0.08862765623831756,2.762085601309056
3,-0.3427502375398059,-0.02491267701103906,0.0036073954052687207,0.12364296193840116
4,0.072103235872419,-0.009412109246057681,-0.0033258076031673247,0.0055445951289514505
5,-0.015580209248825246,-0.0037931233806528806,-0.0019439340958061018,0.0002571307052180353
