,mpc_x_0,mpc_x_1,u_0,ctg
0,47.0,-23.0,11.473629692161692,2836.655345345491
1,-9.593409521208306,1.5000000116433616,-4.333425744153218,98.65534534549066
2,2.000223495646671,-0.42101573669866243,0.1004357313089411,4.371839068950395
3,-0.41584847235184297,0.11030239699514403,-0.028189164667325652,0.19369078586548982
4,0.08628867795769797,-0.027696400022081333,0.007371998850759436,0.008594215125253964
5,-0.018267083898372324,0.006906681781675843,-0.0017723805827823908,0.0003813886073835064
