,mpc_x_0,mpc_x_1,u_0,ctg
0,20.0,-14.0,8.398307997935374,615.3804694964034
1,-4.034037586155675,1.5000000072328419,-2.1504060048584055,19.380469496403418
2,0.8313270035835033,-0.35781338621476405,0.1004465823845241,0.8570102281881884
3,-0.17077890690396244,0.08386846279596745,-0.023959113484368005,0.037875221946586324
4,0.03500272998191326,-0.019404129268428386,0.005605539294132125,0.0016758678515154813
5,-0.0073158861311332785,0.004542501819390312,-0.0012417318554073416,7.415651266287255e-05
