,mpc_x_0,mpc_x_1,u_0,ctg
0,30.0,-68.0,2.523330571201579,5557.426983319814
1,-5.449512894628386,1.5000000140010004,-13.906609563264718,33.426983319814546
2,1.1289405004964725,-0.37390537924430567,0.10044381990974931,1.4797924890904972
3,-0.23317622850456446,0.09059882434009321,-0.025036129664669546,0.06548060280144324
4,0.048060678577408686,-0.021515429809657382,0.0060552987310796965,0.0029013022900233236
5,-0.010104177721209888,0.005144447238163242,-0.0013768406802069397,0.00012855974480803964
