,mpc_x_0,mpc_x_1,u_0,ctg
0,74.0,75.0,35.53592847259666,11759.84389465815
1,-14.27468805405127,-20.465378468321894,1.787862502989335,658.8438946581507
2,0.8173541877216443,-1.6056627877817715,-5.229619426210889,36.24545976602323
3,-1.6747349007173578,-3.6322637239154036,-14.285605286044914,32.99923890976999
4,3.7118496692834104,-1.3413626306299977,3.5139700338393256,17.00116216201742
5,-0.48563832676297497,-1.0900623392202335,7.485863427400615,1.4240804878074296
