,mpc_x_0,mpc_x_1,u_0,ctg
0,-68.0,13.0,-31.602685043172805,5068.939619056671
1,15.983053676839456,-3.4065874139467693,2.187247227156321,275.939619056671
2,-2.8254182856860997,0.16970755142435073,0.7320076349019408,8.87677641107921
3,0.5041806306380145,-0.07244898688511857,-0.2128164750251502,0.8649872689793828
4,-0.09686579017448768,0.09591506425771973,-3.287098969914879,0.6055403049681567
5,-0.0001714350132313854,-0.7661315779423941,-1.0711185172562425,0.5869576241104664
