,mpc_x_0,mpc_x_1,u_0,ctg
0,-38.0,-14.0,-18.24222233707142,1711.9740817319387
1,8.156909159173583,1.500000002102331,-1.6898457134456861,71.97408173193875
2,-1.7319040685955374,-0.21921922665107074,0.10047037748705127,3.1889146946218774
3,0.366625328021501,0.025902439710731882,-0.01468318650250491,0.14136592247060772
4,-0.07746038058671272,-0.001220307116804302,0.001731933686280924,0.006280854940766421
5,0.016698601541735806,-0.0006418233550261608,-7.80913597931385e-05,0.0002792552306687185
