,mpc_x_0,mpc_x_1,u_0,ctg
0,-93.0,57.0,-21.293095427603795,12556.175784680583
1,18.70796396318422,-16.73322947402356,5.019353325431667,658.1757846805835
2,-3.7490705126539763,3.586202556391994,-1.1242327685153923,28.186900402453393
3,0.7472673841023073,-0.812040499079045,0.2375517320661372,1.2705219181293714
4,-0.14846536926457415,0.16684976294770046,-0.055948611823463834,0.0527036026417218
5,0.02989787647212765,-0.043919361990003965,0.009336471937036737,0.002822793375151609
