,mpc_x_0,mpc_x_1,u_0,ctg
0,59.0,-68.0,4.901054785723672,8246.837752443847
1,-11.545619145482489,1.500000014024481,-14.126123597174,141.83775244384705
2,2.4106891036354128,-0.44320965343497065,0.1004319209500522,6.286430949241804
3,-0.5019062446645661,0.119584845003504,-0.029674574669615674,0.27857419795734745
4,0.10429807225043751,-0.030608284852651626,0.007992302620315651,0.012363784369548044
5,-0.022112668241461058,0.007736878958118618,-0.0019587213356900253,0.000548829392769499
