,mpc_x_0,mpc_x_1,u_0,ctg
0,7.0,82.0,3.498420639308342,7120.525206847555
1,-0.2320556975982565,-18.13579638296846,31.946352589852083,347.5252068475546
2,2.1739886526055465,-0.4763231048664602,2.2719785084836683,18.56424655627483
3,2.7017910677175894,-0.14044622204682186,2.601305241328859,13.611136194387527
4,1.327260534983487,-0.008333921264675925,1.7841387653198326,6.291736079501749
5,2.1283177486743132,0.017597108039533006,0.8667089621660817,4.530046097533452
