,mpc_x_0,mpc_x_1,u_0,ctg
0,-46.0,-83.0,-3.2566787433609705,9127.525668031656
1,10.716595393734078,1.5000000141504282,-16.565286223787545,122.52566803165611
2,-2.2700958456813174,-0.19011914668879512,0.10047537446996174,5.430251156202365
3,0.4794620298877882,0.013731537331343635,-0.012735555964957696,0.2407707176851135
4,-0.10107382770662841,0.0025976799705071207,0.0009186076474382389,0.010698324463513112
5,0.02174083123082214,-0.0017303561505193565,0.0001662337511132086,0.00047565787501473156
