,mpc_x_0,mpc_x_1,u_0,ctg
0,88.0,-83.0,5.9402798352161295,14954.0408516271
1,-17.451619696412127,1.5000000142238394,-17.579592449441662,321.04085162710066
2,3.652466665372664,-0.5103526894929755,0.10042039306759264,14.231821556229455
3,-0.7622559758167108,0.14766694315377588,-0.03416837081483113,0.6308489468982338
4,0.1587817154721224,-0.039417581262337104,0.009868901480340309,0.028009248129567416
5,-0.03374667669032227,0.010248466279560768,-0.0025224561742040346,0.0012438692487244346
