,mpc_x_0,mpc_x_1,u_0,ctg
0,-16.0,31.0,-7.011050475347031,1299.288812023589
1,2.9229754903413077,-8.397968872925503,2.5904965359427883,82.28881202358893
2,-0.5242976898792251,1.6698945656389674,-0.5602479107033251,3.2191451158272932
3,0.09074758432531527,-0.37688750199915944,0.10915461900642738,0.1557091878640456
4,-0.015181274394474547,0.06879574018159952,-0.026854751432578927,0.005429874639999011
5,0.0023195346491753453,-0.02147485598638115,0.0030610971818886574,0.0004665496806245354
