,mpc_x_0,mpc_x_1,u_0,ctg
0,-64.0,23.0,-29.439965992319586,73482.6007756409
1,-27.181022700449592,-158.14132049912155,-13.087139883406316,68857.6007756409
2,-61.281975882265314,-88.593174437715,94.43596111966502,43110.115531392665
3,50.25202840846725,-132.21459802523444,39.08737107052804,31505.884406406716
4,8.251728965823842,-3.182321600779144,7.290225124956713,11499.918116266994
5,-35.22313811934597,-100.90109244005373,10.016078448583867,11421.699914570792
