,mpc_x_0,mpc_x_1,u_0,ctg
0,-30.0,48.0,-14.493571936583951,3384.2995021413267
1,5.06496131145226,-12.251938798548395,7.235630361312209,180.29950214132688
2,0.4694771220492359,0.11681416153494181,2.3964724542910796,4.535664731443197
3,-1.0209225172875567,0.028021129582992237,-1.396172146397713,4.301610414980453
4,-0.964784877990164,0.12936739789964338,4.923876126698492,3.258542444972585
5,1.4681613920781156,-0.39433334546550136,1.7913982349288797,2.3109966605347645
