,mpc_x_0,mpc_x_1,u_0,ctg
0,23.0,2.0,11.304798323190875,557.8676585481294
1,-4.864260563443893,-0.326033119933861,0.12949324181823632,24.867658548129434
2,1.0253878290675011,-0.01226228492196362,-0.019853562551090765,1.1003301237601288
3,-0.21561156744948767,0.009467956683706301,-0.0013656038858362504,0.048759560128858306
4,0.04521198885151269,-0.006565668428376984,0.0003006253269256869,0.0021815699070687976
5,-0.009694396295483524,0.0005972015691697231,-0.0006884448964817586,9.433796924810345e-05
