,mpc_x_0,mpc_x_1,u_0,ctg
0,81.0,50.0,39.78012602156437,9173.56493296935
1,-8.414326973601858,-6.460627097582742,2.1065833616856606,112.56493296935021
2,-0.021069314485757617,-0.027931502476487277,-0.10615856333271756,0.024332056645996903
3,-0.15016239297633527,-0.00813354374153533,-0.09660636193341317,0.02310797180250313
4,-0.01595287742040627,-0.006982698236123474,-0.007098406591224938,0.0004930730043283192
5,0.010858592178553143,-0.008480071201405894,0.002015780656965492,0.0001898206316810491
