,mpc_x_0,mpc_x_1,u_0,ctg
0,-82.0,88.0,-39.25754863811792,14691.804497032497
1,4.534877976401043,-13.504643957157688,37.71103811607277,223.80449703249798
2,-3.8750223226607377,0.14990225042218533,-3.322560965022867,20.863970362055127
3,0.7042665302396872,-0.0852951460038235,-0.06511695839819384,5.8257016762544716
4,-1.230215669238646,0.015496505528800577,-1.4422544350074917,5.32243506870681
5,-1.9513714256086054,-0.03023067153000721,-1.6954324831083725,3.808764334182916
