,mpc_x_0,mpc_x_1,u_0,ctg
0,22.0,-47.0,2.6926154415685817,2712.379952891594
1,-4.033976391543835,1.500000013483627,-9.318517221948504,19.37995289159383
2,0.8313141369103346,-0.35781269210154837,0.1004465828561857,0.8569873236099304
3,-0.17077620926691303,0.08386817221297391,-0.023959067028407447,0.037874206753998274
4,0.03500216543813502,-0.019404038088131584,0.005605519870563708,0.0016758227920767505
5,-0.007315765581284527,0.004542475817459913,-0.0012417260222398775,7.415451259251544e-05
