,mpc_x_0,mpc_x_1,u_0,ctg
0,-95.0,75.0,-34.66688563413976,15528.18720844943
1,18.842584300086724,-22.03692616596994,6.727802204707887,878.1872084494303
2,-3.7175157381325006,4.691818191697202,-1.4831325659021648,37.518110499144946
3,0.728207392280786,-1.041603885323333,0.31162833081268615,1.68502929194131
4,-0.14187795777383852,0.21443140364218088,-0.07129014748460243,0.06980463184826426
5,0.027931759707076415,-0.05398395018798999,0.012381285781009962,0.0036944500782332417
