,mpc_x_0,mpc_x_1,u_0,ctg
0,-70.0,33.0,-32.93977663663241,6159.316870234947
1,12.173393470473698,-4.489291118513115,13.45639903504174,170.31687023494672
2,-1.0351606626399135,0.03652062811001077,0.45008195011564317,1.9716269012143073
3,0.05226219340964911,-0.012894302270097305,-0.22063935484973377,0.8987355474596527
4,0.8795597162282683,0.010494467501931837,0.8275815131919442,0.8958379475686324
5,0.3477817869215446,0.03391678042781764,1.715580243400624,0.12210251930893144
