,mpc_x_0,mpc_x_1,u_0,ctg
0,-6.0,58.0,-2.820975341355734,3547.3036376343475
1,0.022206737191925167,-12.134940846782907,11.365945945522535,147.30363763434738
2,-0.042761410295442226,0.2096102994087258,-1.2026667939622073,0.046355140250408315
3,0.007954756775909093,0.021404505060687567,0.07780388822458927,0.0005901244217374916
4,-0.0019404616317985452,0.007100040083633747,0.007132331095240303,6.869342948062029e-05
5,-5.487283915336795e-05,-0.003809784497639644,-0.0011478671973838125,1.4517468946932107e-05
