,mpc_x_0,mpc_x_1,u_0,ctg
0,86.0,51.0,39.294091865357935,10417.623394644932
1,-12.683260505171372,-9.633086175642418,16.235973075783413,420.62339464493186
2,2.857191924829958,-1.6981863544015785,-13.396132533996864,166.96194833553884
3,0.05336609139424959,-2.8189230204807125,-14.453673019051495,155.9145657459496
4,2.681859324937039,-0.16119436341938242,11.524147068343707,147.9653908108428
5,11.445289508970049,-3.12288101040578,-12.69393815300143,140.74703774929287
