,mpc_x_0,mpc_x_1,u_0,ctg
0,23.0,-71.0,1.8580777953276708,5588.595968293138
1,-3.9400178320230035,1.5000000140412517,-14.500414380819663,18.595968293138
2,0.8115586983547549,-0.3567445137120877,0.10044676628859513,0.822227734354996
3,-0.16663430553325448,0.08342141416060068,-0.023887575236519725,0.036333565416057874
4,0.03413538518673086,-0.01926389100375491,0.005575665062353469,0.0016074412949534057
5,-0.007130680146865371,0.0045025189778025365,-0.0012327575654959512,7.111927650237194e-05
