,mpc_x_0,mpc_x_1,u_0,ctg
0,-84.0,71.0,-31.480451611717136,12833.638896969875
1,16.593469844329988,-20.735022599125266,6.347195829736125,736.6388969698744
2,-3.259314965543954,4.3954151096298295,-1.394966792145593,31.354493308950122
3,0.6351947412378534,-0.974757389478134,0.2917689947018775,1.4116852783691296
4,-0.12305232523754439,0.19945676316303326,-0.06682158419372414,0.05806095073067946
5,0.024049310858046645,-0.05057377047533385,0.011422958679535425,0.0031360756128387102
