,mpc_x_0,mpc_x_1,u_0,ctg
0,11.0,19.0,5.441927799427393,489.29017779875034
1,-0.5268700764895964,-2.5818407742002463,0.051064204902982524,7.290177798750321
2,-0.09786821132304231,-0.010975927780121245,-1.1406483743184652,0.34668393792724045
3,-0.1491629763982948,0.010537371310321673,0.6195956384965206,0.33698528014903434
4,-0.22625775731292208,-0.01829306470489234,-1.0799274225522562,0.3146246504269045
5,0.5072124471969096,-0.07637391488496688,-0.8995107756483969,0.263097441466334
