,mpc_x_0,mpc_x_1,u_0,ctg
0,94.0,78.0,34.505214019178865,15829.198305185368
1,-20.943515756585505,-20.773101559179562,7.011230160749948,909.1983051853672
2,4.633539978027874,3.978032664516701,-1.3967747855794899,39.04570455103354
3,-1.0197156359754025,-0.7982473450033875,0.2638064411243679,1.7512679430891487
4,0.2232810081492513,0.14387037162693794,-0.05502610696381392,0.074249141031472
5,-0.04991835299409206,-0.03470168055887151,0.007865191115052439,0.0036960485992527407
