,mpc_x_0,mpc_x_1,u_0,ctg
0,-35.0,76.0,-17.23981327043825,7230.199111257165
1,1.8240041833654164,-15.019568262661622,10.688625638375987,229.19911125716538
2,-0.02070364438919681,0.15328103041965171,0.05863393370291205,0.2846891994786125
3,0.16853870067547375,0.011901302295906581,0.9031838661914913,0.26076548430110796
4,0.2176107964376286,0.014717141052666617,1.1080995121952535,0.23221854967939248
5,0.42893204349944347,0.025783691973821667,1.2794941672355538,0.18464749671240938
