,mpc_x_0,mpc_x_1,u_0,ctg
0,46.0,7.0,21.260129205409076,2267.3783589655986
1,-9.77322120835134,-1.542174933627,0.4855387013909351,102.37835896559845
2,2.067669852246818,0.09491802835985416,-0.09647511820795047,4.484202652322596
3,-0.4365528938128868,-0.01990596728484414,0.0036280620000758387,0.19993460232449617
4,0.0917909114070555,-0.011521840532360205,-0.0029912260785925743,0.008959925694545274
5,-0.019796524417012597,-0.003114336102742889,-0.0020789525924906735,0.00040160146835422375
