,mpc_x_0,mpc_x_1,u_0,ctg
0,-74.0,-46.0,-9.864620928199768,7866.720056770421
1,16.133563691003868,1.5000000132262008,-8.376253087315503,274.72005677042165
2,-3.4090509856473186,-0.12853572900885224,0.10048594776632128,12.17817935906472
3,0.7182541240743447,-0.012025289870049336,-0.00861385785304117,0.5400293026899289
4,-0.1510460831265568,0.010677543664375878,-0.000802603933798978,0.023995708343665892
5,0.03241151342787811,-0.004033977491385998,0.0006832898748992627,0.001066779177086532
