,mpc_x_0,mpc_x_1,u_0,ctg
0,-85.0,50.0,-26.563465277762162,18665.657964150025
1,-72.19430148097805,-5.104915816075789,-45.09087329987128,8940.657964150025
2,46.105228839766724,1.4038470379565364,130.0103417181473,3702.5806323344536
3,-5.066506169416864,-5.562984939462975,42.382658337898334,1574.917719461217
4,-2.326799795954325,4.1007090259806835,22.603190976260958,1518.301433259786
5,38.6309926698192,1.928218555545143,33.9549294804757,1496.0716214535735
