,mpc_x_0,mpc_x_1,u_0,ctg
0,63.0,7.0,5.189985253786019,4206.303224341865
1,-13.347396080355429,-1.3584781092258644,0.47720414470193634,188.3032243418647
2,2.817090924535656,0.015997826874487333,-0.0840121145703028,8.304779442731366
3,-0.5932445862041236,0.005023450314761124,-0.0016595436775605928,0.3685222351655032
4,0.12449160099679174,-0.018494885949027064,-0.0013248729364250423,0.016557861051936504
5,-0.02675975806796906,-0.0012477479987368697,-0.0025252040470360596,0.0007176415269245871
