,mpc_x_0,mpc_x_1,u_0,ctg
0,59.0,33.0,1.5732748326665231,4811.84064351901
1,-12.876484598157623,-8.106480994479538,2.769535436421202,241.84064351900972
2,2.7943616941508345,1.4298936000232023,-0.540318071644855,10.321753798561279
3,-0.6043588183143663,-0.2892597295344242,0.09307446484024191,0.46870081343644426
4,0.13014224097368726,0.04264386604831402,-0.02099752864537512,0.019780041031778786
5,-0.02868114226105551,-0.014210239729858532,0.0013874725590890594,0.0010245388345789543
