,mpc_x_0,mpc_x_1,u_0,ctg
0,-33.0,87.0,-0.867940584992317,101869.97006357468
1,3.9373211332265794,-24.956810522620124,1.956920388058018,93211.97006357468
2,-231.15043211288017,16.734457263766576,-4.574623524044242,92573.62517440657
3,-194.95543256819857,-2.1461061437339457,-18.1954600350086,38863.060848522524
4,28.081115584170693,-0.11103107315169557,0.6502994850648369,850.834389088927
5,-7.77944393332234,-1.3241075584943625,-0.02244885080055748,62.27300873816766
