,mpc_x_0,mpc_x_1,u_0,ctg
0,14.0,-45.0,1.7996908608110238,2229.267461746714
1,-2.377639335211141,1.5000000133895077,-8.826767650588192,8.267461746714298
2,0.48305778754369155,-0.33898243670431255,0.10044981584677347,0.3642928982024998
3,-0.0977611623509251,0.07599255157990392,-0.02269878250621701,0.016038979701900307
4,0.019722235059976313,-0.016933472100132706,0.005079227973751404,0.000706866942072016
5,-0.004053009484122264,0.0038381014924959143,-0.0010836266629359317,3.115790894508438e-05
