,mpc_x_0,mpc_x_1,u_0,ctg
0,29.0,2.0,11.054326175225679,884.3348860942508
1,-6.125737687278739,-0.26000747476104835,0.12798198465411867,39.334886094250756
2,1.2898878822738598,-0.04035698819359861,-0.015419448636828781,1.7426199939720726
3,-0.27091209604358457,0.018314498401192227,-0.003246227874208619,0.07718055863907175
4,0.056752474447345096,-0.009037877952258825,0.0008920036910840846,0.0034517740046560805
5,-0.012151752353786509,0.0012579052475604653,-0.0008466097397911546,0.0001492474108795961
