,mpc_x_0,mpc_x_1,u_0,ctg
0,55.0,96.0,-153.27402206944615,19765.317648403037
1,-9.575177931949666,-20.893967053547172,27.287555448160298,7524.317648403037
2,52.30928004608726,0.6623674197648426,53.129735619239504,6996.075756739827
3,-63.04156908683256,-5.15144783727882,-29.647203198743618,4259.376247201078
4,11.721610186696351,-5.42271881596074,31.171419969975222,258.5993994509903
5,-8.306297383113112,4.775227587083178,36.85821818607468,91.79737472515195
