,mpc_x_0,mpc_x_1,u_0,ctg
0,69.0,16.0,33.37350230346453,5256.22121508138
1,-14.729573012197516,-3.4351981601958927,1.2477709255295433,239.22121508137985
2,3.1311856161914227,0.43397845852840744,-0.22443284871105315,10.460307559909191
3,-0.6639848678084247,-0.07832611304223133,0.026346275744798763,0.46764689439843926
4,0.14031910903770264,-0.0019478788491804834,-0.0068968834982359815,0.020636009735563617
5,-0.030359512423751355,-0.004589460514040167,-0.0014662628576291748,0.0009427631424178467
