,mpc_x_0,mpc_x_1,u_0,ctg
0,30.0,-59.0,2.9089444360917196,4415.741453861124
1,-5.563576314586586,1.50000001383379,-11.966236672241973,34.74145386112392
2,1.1529231253390917,-0.37520212210964426,0.1004435972593542,1.5380724113936861
3,-0.2382043995098031,0.09114117784478447,-0.02512291897956143,0.06806404601644685
4,0.049112928848367175,-0.021685564988947838,0.006091541748392351,0.003015995771686333
5,-0.010328866964084976,0.00519295387712138,-0.001387728170342961,0.00013365226273167596
