,mpc_x_0,mpc_x_1,u_0,ctg
0,-17.0,6.0,-8.342226568605271,339.18628547790917
1,3.5204906741392654,-0.8627730917290166,-1.442678108690453,14.18628547790916
2,-0.710244142111369,-0.03479331313808835,2.2264200844037223,1.0480534833959738
3,0.33959677370210223,-0.058791134862963355,-3.9547458784235348,0.5423961673533341
4,-0.38823515460710156,0.31298659433576537,4.625068738905328,0.42361380110598207
5,-0.030943005729408172,0.4170961375938536,-0.3416418749389631,0.17492665759928105
