,mpc_x_0,mpc_x_1,u_0,ctg
0,42.0,64.0,20.349131531968478,6121.660728472569
1,-7.218313620527329,-11.80485543318643,3.6750274773903087,261.6607284725686
2,0.8096084516628645,-0.6662047609712316,1.2051752747504227,70.20206514984706
3,2.5093667537552573,-0.208786895128,1.6595016866657253,69.10277052130238
4,-2.9739291912144887,-0.0801098796977156,-4.818496342170245,62.76225704887299
5,7.342358392783129,-0.03684906535177345,7.06726031276272,53.911584621690146
