,mpc_x_0,mpc_x_1,u_0,ctg
0,33.0,12.0,16.235277787418013,1333.2100367610692
1,-0.14734406687441454,-7.16820766863012,11.784032211570583,100.21003676106909
2,-1.7757732978265939,-4.737890333938965,-20.51559858970846,48.80512530641835
3,-2.801699293621614,-0.6879867221285066,-4.020238718096832,23.20414968471214
4,-0.9821859488392546,-3.653765412330161,-9.720228965190534,14.881305023007162
5,0.5133446639934426,0.5505373307225979,3.488602393084249,0.5666140965697036
