,mpc_x_0,mpc_x_1,u_0,ctg
0,-23.0,29.0,-11.225350680974115,1390.594960574502
1,1.2279106584547004,-3.2561461425114704,8.918392570915758,20.594960574502025
2,-1.1719647952125105,-0.9664208121073925,-4.321628798992253,8.48470828796304
3,-0.6365192928440886,-1.0539582899035587,-8.168436564890246,6.177237620671226
4,1.6858388865703744,-0.7538414993545756,1.8104433908158406,4.661252733652054
5,0.7764099325672973,-0.8050531613756348,-10.021145211105422,1.250922976030059
