,mpc_x_0,mpc_x_1,u_0,ctg
0,-66.0,2.0,-15.239524423861942,4562.4787631451945
1,13.848511467795708,-1.3175337709235437,0.14362676873011465,202.4787631451942
2,-2.8979292806939245,0.4068248402605093,-0.08641891820973806,8.961598034000943
3,0.6046199305442419,-0.12229334976293268,0.026695380612031135,0.3980974674447457
4,-0.1259514463735802,0.030199829717318116,-0.008505350745666407,0.0175765436371828
5,0.026749750743540298,-0.009230271598897248,0.0016643293036135507,0.0008007470786309439
