,mpc_x_0,mpc_x_1,u_0,ctg
0,-43.0,33.0,-20.878754904523777,3009.9452549251814
1,5.94768580833681,-5.615063320192228,11.29259939285884,71.94525492518136
2,0.7746458828112442,-0.756654883199292,-0.6043702100400392,5.041352360722105
3,0.9879719629578202,-0.2187093221920008,-2.0700019825054756,3.868749504696359
4,1.6383999953812896,-0.04432957237468569,0.09442285701337474,2.8448271374919463
5,-0.3970536141451686,-0.0292559247653147,-2.3256629306340195,0.1585074816396142
