,mpc_x_0,mpc_x_1,u_0,ctg
0,29.0,10.0,11.71900949209515,48264.073550634705
1,-52.8719283064703,-101.06598609447926,-216.5376077183152,47323.073550634705
2,183.89818911624738,17.319929016602302,171.1720444854329,34313.29920254069
3,-8.827485996184553,2.3396491741306713,-3.1307914152053686,194.77530116546615
4,8.345667274181558,-6.095202114580321,14.369163194149989,111.37683389462143
5,1.6325667738645802,-1.3819944119153922,24.050803859426562,4.575182825691973
